video_id,jogo,titulo,canal,data,visualizacoes,likes,comentarios,plataforma
jMi9pzZsJB4,Dead by Daylight,5 Most BORING Killers in Dead by Daylight,Kyto,2023-03-07T23:37:20Z,9326267,329239,3285,YouTube
P0imDbkxUrI,Dead by Daylight,DESTROYING STREAMER WITH LOCKERS AND FLASHBANGS - Dead By Daylight #dbd #dbdstreamer #dbdstream,ZODIKER ,2024-08-24T05:51:20Z,9593305,278602,702,YouTube
MxlSdJPfcuQ,Dead by Daylight,PLAYING AS THE DEMOGORGON HUNTING STEVE AND NANCY | Dead by Daylight Stranger Things Gameplay (DBD),FusionZGamer,2019-09-04T19:54:30Z,8302365,178366,25810,YouTube
YZPwLV1PkJA,Dead by Daylight,EVERY Killer Pallet Break Animation #dbd,WarbyGaming,2024-07-01T17:45:02Z,9759004,360139,2451,YouTube
pYhgrs0tt0A,Dead by Daylight,Dead Island VS Dying Light: Exploding Zombies,GameLight,2023-05-03T06:30:12Z,7821431,184454,1492,YouTube
lzWJox9_We8,Dead by Daylight,Jake&#39;s Totally Real Techs in Dead by Daylight #gaming #meme #animation #dbdmemes,RABLATS,2024-08-19T16:37:06Z,9004887,366423,2750,YouTube
Qdh8zLcIiCk,Dead by Daylight,How to GET HATCH from Wesker in Dead by Daylight #gaming #meme #animation #dbdmemes #dbdmeme #memes,RABLATS,2024-10-02T16:02:40Z,10836769,342954,1556,YouTube
2b4zap6Zmkk,Dead by Daylight,The Knight MORI survivor pov #dbd #dbdshorts #dbdnewupdate #deadbydaylightsurvivor #dead_by_daylight,Tired clips,2022-11-01T17:00:38Z,6780644,134549,1007,YouTube
nudDW6PhihM,Dead by Daylight,"DBD Indonesia - TBag, Main Gitar, Jadi Killer?",MILYHYA,2024-08-31T13:45:07Z,5853666,138084,3514,YouTube
rCfcWopcD2g,Dead by Daylight,i think he felt disrespected 😭 #dbd #dbdshorts #deadbydaylight #shorts #dbdmemes #fnaf,Your Dad’s Muse,2025-06-20T19:43:56Z,9918440,523784,2539,YouTube
QDDchw8lPjU,Dead by Daylight,NEW DBD KILLER is HORRIFYING #dbd,Bubbell,2024-03-03T20:30:01Z,5384019,336509,3186,YouTube
UOv3_DsJhLA,Dead by Daylight,Which Springtrap Jump Scare Sounds Better?,DStrike,2025-06-05T08:00:37Z,11222698,248457,4982,YouTube
px8rQZHknx4,Dead by Daylight,Which Springtrap Cosmetic Has The Best Jump Scare?,DStrike,2025-06-17T19:30:18Z,9318378,249703,3601,YouTube
p9K3h6OMLT0,Dead by Daylight,UNKNOWN Predicted the FUTURE!  #dbd  #deadbydaylight,AZHYMOVS,2025-06-04T14:01:19Z,6936799,306799,1476,YouTube
1juCTSz1kgc,Dead by Daylight,LET&#39;S PLAY DEAD BY DAYLIGHT | UJJWAL,Ujjwal,2022-07-29T11:21:23Z,3937021,152438,5051,YouTube
Shw36hgCTx8,Dead by Daylight,How the Entity Rewards the Killers in DbD  #dbd #deadbydaylight,AZHYMOVS,2025-10-22T14:00:58Z,7352729,290113,1052,YouTube
tZeeJjqshRg,Dead by Daylight,5 Most FUN Killers in Dead by Daylight,Kyto,2023-02-12T05:38:50Z,4103463,191472,2473,YouTube
iowkiPobYYQ,Dead by Daylight,Dead by Daylight | All-Kill | Official Trailer,Dead by Daylight,2021-03-30T16:00:01Z,3577136,100117,6991,YouTube
TsNOnL9Jgxc,Dead by Daylight,SCARING TWITCH STREAMERS W/ GHOSTFACE | Dead By Daylight,SpookyLoopz,2021-10-22T15:00:04Z,3561770,116141,1514,YouTube
B7Yxnx8_U7c,Dead by Daylight,Rob hunts Rosie in real life Dead by Daylight,PlayStation Access,2023-09-09T10:00:08Z,4098020,206445,713,YouTube
o-tgQl_jUIE,Dead by Daylight,The WORST Killers Get The Best Skins In Dead By Daylight,Mauvasa,2025-01-23T21:30:04Z,4598218,170577,2116,YouTube
x72YTpQ4EwE,Dead by Daylight,DYING LIGHT Gameplay Walkthrough Part 1 FULL GAME [4K 60FPS PC ULTRA] - No Commentary,MKIceAndFire,2022-02-01T02:18:24Z,2958020,30094,1245,YouTube
RikXPc1cmdI,Dead by Daylight,These Cosmetics Are Pay To LOSE For Killers In Dead By Daylight,Mauvasa,2025-02-25T22:30:05Z,4722686,164461,1446,YouTube
X_n5zFNzGBU,Dead by Daylight,"ON L&#39;A LAISSÉ TOMBER ! (ft. Doigby, Locklear, AlphaCast)",SQUEEZIE GAMING,2019-03-30T12:00:05Z,2753790,106050,2164,YouTube
vlu_upqMcA8,Dead by Daylight,Top 5 Easiest Killers in DbD  #dbd #deadbydaylight,AZHYMOVS,2025-08-14T14:01:26Z,3703074,94838,833,YouTube
0zszkalhdbo,Dead by Daylight,DBD Indonesia - Aku Adalah Pawang Killer,MILYHYA,2026-02-28T13:45:07Z,2607646,91747,3578,YouTube
oezOC3MTaNc,Dead by Daylight,The Greatest Killer Controversies in DbD  #dbd #deadbydaylight,AZHYMOVS,2025-10-10T14:01:24Z,4113703,144625,2084,YouTube
siPq7cW2wiQ,Dead by Daylight,3 Hours Of Looping Killers For 5 Gens!,Ayrun,2024-01-06T21:00:20Z,2414259,22963,370,YouTube
duS8l_G_GFo,Dead by Daylight,Meet The Unknown #gaming #meme #animation #dbdmemes,RABLATS,2024-03-12T16:14:11Z,3154486,126465,751,YouTube
dFk9VvU1TDE,Dead by Daylight,Michael myers fell in love with me? - Dead By Daylight,Grasshopper,2022-09-04T12:13:45Z,2482587,120070,1061,YouTube
NGmecjgEPSI,Dead by Daylight,This Build Stops All Progress In Dead By Daylight,Mauvasa,2024-10-16T13:00:33Z,3837368,153353,1295,YouTube
QDsaCjmMPzY,Dead by Daylight,Reacting to the creepiest videogame character,Slate,2024-02-20T18:55:56Z,2341494,165637,1428,YouTube
2MjsLFDbK7I,Dead by Daylight,EVERY Killer Nationality in Dead by Daylight,WarbyGaming,2022-11-04T23:00:03Z,2219952,115550,3328,YouTube
K588pTBLnRQ,Dead by Daylight,[Hindi] Dead By Daylight Gameplay | Lets Survive With Friends#11,RON GAMING,2018-07-21T17:13:18Z,1982550,31091,1339,YouTube
JvDPYnwxqDU,Dead by Daylight,KORKU VE EĞLENCE BİR ARADA | DEAD BY DAYLIGHT | BÖLÜM 1,Elraenn,2025-05-07T15:02:10Z,1923380,57162,3133,YouTube
nDAcVMJxNkQ,Dead by Daylight,Bullying Survivors with VAULT SPEED MYERS!,Sparkyy,2024-10-18T16:00:55Z,1805839,30588,415,YouTube
2LmWWo2aWhI,Dead by Daylight,The Fastest Killers in DbD,AZHYMOVS,2023-12-17T16:00:03Z,2348416,114702,1424,YouTube
mMcXNXgLvbc,Dead by Daylight,TOP 5 BEST SURVIVOR PERKS!,Brain,2024-08-18T00:43:02Z,2468247,106369,764,YouTube
WzBOcp1VfTo,Dead by Daylight,I Escaped as EVERY Dead by Daylight Survivor!,JRM,2024-09-02T14:29:24Z,1705710,30143,764,YouTube
W5JUUuxvA1I,Dead by Daylight,Springtrap All Animations -Dead by Daylight-,Syralex,2025-05-28T00:14:43Z,1684071,29018,1412,YouTube
H7-sBp2ZeOI,Dead by Daylight,Springtrap Meets Other DBD Killers,Jaze Cinema,2025-07-12T21:55:43Z,1668258,63227,1454,YouTube
Tz19mbvJ4Ng,Dead by Daylight,How you look based on your favorite killer ( Dead by Daylight edition),Rost,2022-08-02T20:00:11Z,1874512,54872,2683,YouTube
BoVWRwxmUrU,Dead by Daylight,The Most Intense Escapes! | Solo Hardcore Ep. 5,Ayrun,2023-08-19T20:13:21Z,1573927,27961,538,YouTube
foLPtygXevk,Dead by Daylight,Prestige 100 Once or Prestige All Killers Evenly?,Otz Live & Clips,2022-11-06T17:04:05Z,1965733,80556,1165,YouTube
90cb42uchCs,Dead by Daylight,Unlock THESE KILLERS First! — Dead by Daylight,Kyto,2024-07-06T17:07:00Z,1526653,40846,2923,YouTube
7mpqOCex4yM,Dead by Daylight,Every DBD Killer RANKED from Worst to Best,Kyto,2024-01-12T19:03:00Z,1519198,36054,3714,YouTube
WBTNAFmLBU4,Dead by Daylight,NEW KILLER &quot;SPRINGTRAP&quot; IS ABSOLUTELY TERRIFYING!,SpookyLoopz,2025-05-27T17:54:33Z,1496578,41440,1882,YouTube
3WqMDUIkj2s,Dead by Daylight,top 5 killers for new players in dbd,Bladedos,2024-08-21T16:30:00Z,1995216,83943,495,YouTube
78JQFN4NLKk,Dead by Daylight,Dead by Daylight | Chucky | Official Trailer,Dead by Daylight,2023-11-08T16:00:32Z,1454139,60160,3562,YouTube
ug6u_WeE33k,Dead by Daylight,Tormenting my Friends by simply playing Chucky :),Zet0r,2023-12-12T19:37:47Z,1450569,23971,340,YouTube
XmTW-PmQtCg,Dead by Daylight,Dead By Daylight | Five Nights at Freddy&#39;s | Gameplay Concept,Rarithlynx,2022-01-29T18:00:14Z,1374214,59630,5015,YouTube
hOUNI7hkq4I,Dead by Daylight,Dead by Daylight | Naughty Bear Collection Trailer,Dead by Daylight,2023-10-31T15:00:12Z,1361290,46706,2740,YouTube
O1ryZfL04Nw,Dead by Daylight,JUEGO DEAD BY DAYLIGHT POR PRIMERA VEZ 😎,RobleisIUTU,2025-06-06T21:34:28Z,1343160,43430,741,YouTube
XMa53tC6qJg,Dead by Daylight,Springtrap De FNAF Llego Como Nuevo Asesino A Dead By Daylight / FNAF x DBD Gameplay,Omenasito,2025-05-29T18:53:11Z,1300645,36541,1338,YouTube
7oRp7FrUiaM,Dead by Daylight,The Most Unique Scamper Spot! - Dead By Daylight #dbd #dbdshorts #chucky #dbdclips,jnali,2025-06-22T17:00:17Z,2669658,76085,618,YouTube
cnm8LnOClfc,Dead by Daylight,Chase Me = 5 Gens Completed,Ayrun,2025-06-22T20:26:38Z,1258398,31873,746,YouTube
zs5Ml5juZPY,Dead by Daylight,Best Way to FARM Bloodpoints in Dead by Daylight,Myst,2024-09-16T16:01:03Z,1894816,80036,482,YouTube
QMCS1zkmDAw,Dead by Daylight,SPRINGTRAP EST ARRIVE SUR DEAD BY DAYLIGHT !! (FNAF UPDATE),Nino MssClick,2025-06-01T17:15:01Z,1223929,29285,1336,YouTube
6Tmzc7KnKxc,Dead by Daylight,New Killer &#39;The Unknown&#39; Mori [All Things Wicked CHAPTER] - Dead By Daylight PTB,Varun J,2024-02-20T18:19:43Z,1561377,38133,336,YouTube
jD7QmXMZq0E,Dead by Daylight,I Used Dead by Daylight&#39;s SCARIEST Builds!,Ayrun,2024-11-14T12:10:46Z,1219353,21908,561,YouTube
oJ6GXBK6mzA,Dead by Daylight,Survivors are no longer SAFE against this,SpookyLoopz,2022-10-05T15:00:29Z,1206759,32844,709,YouTube
Sdvnr4YeNuA,Dead by Daylight,Whose Jump Scare Is Better?,DStrike,2025-06-10T11:30:33Z,2774356,47543,940,YouTube
-_FPyfHREXI,Dead by Daylight,I Attempted DBD&#39;s Most DIFFICULT Challenge SOLO!,JRM,2025-06-09T14:44:09Z,1215583,22117,872,YouTube
3CsnX7r9iPY,Dead by Daylight,"When the Killer gives you the Hatch, but you Remember you can Never Trust a Clown",Rost,2025-08-27T17:30:00Z,2844084,86344,579,YouTube
jriDSJt1ma0,Dead by Daylight,The Solo Hardcore Survivor Challenge [FULL SERIES],Ayrun,2025-06-28T12:53:17Z,1165577,19766,590,YouTube
Xh5uuG3li8M,Dead by Daylight,Stream Snipers Tried Ending My Winstreak...,Not Ayrun,2024-04-19T15:46:16Z,1153052,37709,1109,YouTube
uyMSPYOoAJY,Dead by Daylight,TOP 5 BEST KILLERS IN DBD!,Brain,2024-10-22T14:16:05Z,1667796,65594,991,YouTube
KomrZJzVwe8,Dead by Daylight,Top 5 Hardest Killers in DbD #dbd #deadbydaylight,AZHYMOVS,2025-07-13T14:00:27Z,1940067,76185,1084,YouTube
jKYtCYwZstc,Dead by Daylight,Attempting DBD’s Most Impossible Challenge! | Hardcore Killer Ep. 1,Ayrun,2025-11-02T19:50:23Z,1124730,29689,769,YouTube
ruCoOlMoHNU,Dead by Daylight,Tormenting my Friends by simply playing Springtrap :),Zet0r,2025-06-17T15:19:42Z,1104302,25966,422,YouTube
3wILkKy6i7M,Dead by Daylight,Dead by Daylight | Junji Ito Collection Trailer,Dead by Daylight,2025-01-07T16:01:10Z,1100853,42094,1274,YouTube
MZtwy2vlLQs,Dead by Daylight,Best Of Dead By Daylight 2024,JRM,2024-11-20T16:50:32Z,1028959,21762,382,YouTube
Vq5X5OZjyRA,Dead by Daylight,36 Things You Should NEVER Do As Survivor,Kyto,2025-07-12T16:03:00Z,997818,38160,1666,YouTube
eHgQD0EVaQE,Dead by Daylight,TOP 5 WORST KILLERS...,Brain,2024-08-18T16:13:50Z,1417522,51291,2009,YouTube
dY1fnCn81yc,Dead by Daylight,The FASTEST Weapon Wipe in DBD! #dbd #deadbydaylight #dbdmoments #dbdclips #dbdkiller #gamer #gaming,SHADERSOP,2025-07-11T12:34:33Z,1483985,71552,571,YouTube
Q-yRlFZEcZ0,Dead by Daylight,We Played Dead By Daylight...,Techy,2025-10-23T12:00:51Z,991653,7997,302,YouTube
HHfKpPn8CtI,Dead by Daylight,Someone’s STREAK Had To End… (Pro Nurse vs God Squad),Dead By Clips,2026-04-14T03:35:40Z,979766,17819,809,YouTube
p48iLuhJLcE,Dead by Daylight,Dead By Daylight The Unknown Is Trying To Appear Human But Failing #deadbydaylight,CatashRoo,2024-10-29T23:12:40Z,1214854,79984,641,YouTube
_lsEERSC0Go,Dead by Daylight,Dead by Daylight | Five Nights at Freddy’s | Official Trailer,Dead by Daylight,2025-06-16T15:01:31Z,940237,55376,2182,YouTube
hxVAmAE2Dio,Dead by Daylight,NEW KILLER &quot;THE FIRST&quot; IS A MONSTER!!!,SpookyLoopz,2026-01-06T17:58:30Z,933237,24569,1198,YouTube
eFP8_bRlKkU,Dead by Daylight,I Attempted To COMPLETE Dead By Daylight in 24 Hours!,JRM,2025-08-16T13:08:54Z,937207,17365,542,YouTube
62aQLJ2dIlo,Dead by Daylight,1 Hour Of Late Night Looping To Help You Sleep!,Ayrun,2024-05-09T19:55:10Z,925263,30515,1487,YouTube
NU1vhQnLnE8,Dead by Daylight,The Most Overpowered Perk In DBD!,Ayrun,2025-08-18T20:50:30Z,914353,26905,670,YouTube
QCn7ZMp_NyQ,Dead by Daylight,Oynamasını En Sevdiğim 5 Katil #dbd #shorts #shortsvideo,Gamerin Dibi,2025-01-17T14:30:12Z,1304006,23911,322,YouTube
H67h4dWtv8U,Dead by Daylight,IShowSpeed Plays Dead By Daylight,Broken• •Heart,2022-05-16T02:21:23Z,907388,17459,689,YouTube
YlrhmpsFKH8,Dead by Daylight,1 Hour Of Very Tense Survivor Matches!,Ayrun,2025-03-28T21:01:43Z,911533,14780,311,YouTube
-s6Vn0ng5LY,Dead by Daylight,Hunting YouTubers With William Afton...,Aimin,2025-06-21T17:51:38Z,897334,15081,1301,YouTube
7by8BvvPf-s,Dead by Daylight,DBD: This Annoying Looping Build is somehow GOOD...,Demi,2024-12-08T12:00:11Z,900066,30440,1182,YouTube
J7H9EJy9TbE,Dead by Daylight,Becoming UNHOOKABLE in Dead by Daylight,Seine,2025-01-11T14:12:57Z,870800,24232,686,YouTube
pRYR971YiuQ,Dead by Daylight,Pretending to be a BABY SURVIVOR until DEATH HOOK in DBD...,meesh,2024-11-21T12:01:07Z,839175,20632,388,YouTube
AR4gmDXeSTY,Dead by Daylight,Pinhead REMOVED From Dead by Daylight,Straz,2025-04-02T16:51:07Z,1397958,46315,1081,YouTube
PoB9EVTlWrM,Dead by Daylight,En Güçsüz 5 Lisanslı Katil #dbd #shorts #shortsvideo,Gamerin Dibi,2024-11-10T09:34:46Z,1023574,35323,362,YouTube
CsKIArLZkdE,Dead by Daylight,Pretending to be a BABY HUNTRESS until ENDGAME in DBD...,meesh,2024-02-16T12:00:11Z,798765,19356,408,YouTube
7zBB9mdVR0M,Dead by Daylight,The Boulet Brothers SKINS Are Like Nothing Else In Dead By Daylight,Mauvasa,2025-07-11T01:00:06Z,1281864,68879,1070,YouTube
-W_Trx3MM8M,Dead by Daylight,1 Hour Of 5 Gen Chases To Help You Sleep!,Ayrun,2025-11-19T21:00:01Z,778838,23604,877,YouTube
oOpknlvPY0g,Dead by Daylight,I Made The Exit Gates Completely UNOPENABLE,More Seine,2025-07-27T11:48:21Z,769079,20367,571,YouTube
kf2BdatRxdo,Dead by Daylight,🤡 PENNYWISE -നെ കൊന്നു… 😨😱| DEATH PARK 1 🤡 #mobilegame #funnygameplay #malayalam,WhoIsAarow,2024-08-22T15:30:22Z,988528,14940,70,YouTube
i5e1ycrMXo8,Dead by Daylight,CONSEGUÍ a SPRINGTRAP en DEAD BY DAYLIGHT,AQUISI,2025-09-05T17:15:03Z,753638,25984,324,YouTube
jivlMAfqD1I,Dead by Daylight,1 Hour Of 5 Gen Chases In Dead by Daylight!,Ayrun,2024-08-27T20:00:27Z,748076,14446,409,YouTube
uA902CEa2xA,Dead by Daylight,POV: The Final Boss of Skill-Checks...,Rost,2024-08-03T16:45:01Z,796031,58949,576,YouTube
n56cfiroDkQ,World of Warcraft,3 Heartbreaking Gaming Tributes 🫡 (Part 2) #shorts,Bundun,2023-10-23T14:00:35Z,37673657,1941031,7063,YouTube
-PAZk_l09uM,World of Warcraft,WORLD OF WARCRAFT Full Movie 2024: Dragon | Superhero FXL Action Movies 2024 in English (Game Movie),Superhero FXL Games,2024-06-23T13:00:00Z,19484484,94627,736,YouTube
s4gBChg6AII,World of Warcraft,World of Warcraft: Shadowlands Cinematic Trailer,World of Warcraft,2019-11-01T18:42:14Z,15817287,221538,28681,YouTube
WWVmN9NtDIo,World of Warcraft,Asmongold checks out... something. #asmongold #shorts,Asmongold Shorts,2022-09-13T17:00:51Z,17507232,557906,10552,YouTube
XaI-EOVpDvo,World of Warcraft,The Elder Scrolls Online: High Isle Launch Cinematic,Bethesda Softworks,2022-06-07T01:07:45Z,11188245,201770,13352,YouTube
oiw-O5UdXXw,World of Warcraft,Story of Gaming&#39;s Biggest Troll 🤬,Bundun,2024-11-19T13:01:04Z,11183522,672202,4296,YouTube
Pj3MGAlcfyo,World of Warcraft,Dragonflight Launch Cinematic &quot;Take to the Skies&quot; | World of Warcraft,World of Warcraft,2022-11-15T17:02:41Z,8632943,29544,2612,YouTube
FOChImfz9dw,World of Warcraft,World of Warcraft - The Banshee Queen,Bad Juice,2020-01-16T23:36:19Z,7029085,53865,0,YouTube
o03STclgxSc,World of Warcraft,The War Within Announce Cinematic | World of Warcraft,World of Warcraft,2023-11-03T19:44:41Z,6279866,121056,7130,YouTube
hndyTy3uiZM,World of Warcraft,Warbringers: Azshara,World of Warcraft,2018-08-24T17:00:05Z,5493955,100638,10310,YouTube
22Nf00VN0WM,World of Warcraft,Midnight Gameplay Reveal | World of Warcraft,World of Warcraft,2025-08-19T19:49:20Z,4247625,18849,3426,YouTube
H8NQXwuJJSQ,World of Warcraft,Asmongold meets that which has no life #shorts,Asmongold Shorts,2022-09-15T17:45:27Z,4535793,46349,1376,YouTube
_zK2oB660yk,World of Warcraft,The Gaming Clip That Ruined His Life 😪 (Leeroy Jenkins),Bundun,2025-02-11T13:00:55Z,4477030,328281,1159,YouTube
yu3Qh53N-jA,World of Warcraft,La Mayor Pandemia en un Videojuego #wow #sangrecorrupta,EgSeTuX,2025-02-04T11:01:30Z,4535458,385926,1465,YouTube
hssA0Q16CWE,World of Warcraft,Quests in classic WoW be like,Orgrim Coomhammer,2025-05-21T20:50:19Z,7457857,189279,4556,YouTube
_COMHhMI01o,World of Warcraft,The Time A Guild Raided a Memorial in Wow...,theScore esports,2023-11-12T22:00:19Z,3404365,154039,4756,YouTube
41o14c5Sqz8,World of Warcraft,World of Warcraft - SHADOWLANDS BLIZZCON CROWD REACTION,Ryan Barron,2019-11-01T21:04:40Z,3271360,39023,2290,YouTube
oYy9xxS1U2I,World of Warcraft,Elon Musk on Getting Ranked Top 20 in Diablo 4,The Sigma Life,2024-11-04T23:09:24Z,3339271,110506,2437,YouTube
RNj0gRi15X4,World of Warcraft,WORLD OF WARCRAFT Full Movie 2025: Dragon | Superhero FXL Fantasy Movies 2025 English (Game Movie),Superhero FXL Games,2025-04-11T13:00:54Z,3106376,11410,90,YouTube
nzldZy-CpQw,World of Warcraft,WORLD OF WARCRAFT Gameplay Story – Fanmade Cutscenes Edit [ENG] | FullHDvideos4me,FullHDvideos4me,2024-04-20T17:50:56Z,2926734,16553,180,YouTube
Wp8WU15v8Ec,World of Warcraft,Asmongold Journey To Level 60 - Classic WoW Highlights SUPERCUT,Daily Dose of Asmongold,2019-09-09T13:28:03Z,2915974,28421,1363,YouTube
bnUzsD4Mpms,World of Warcraft,New Player Reviews World of Warcraft,Asmongold TV  ,2024-04-22T03:00:19Z,2869123,44772,6093,YouTube
VQKRL0FArjw,World of Warcraft,5 WoW Records That Will NEVER Be Broken!,Epic Drop,2020-07-10T18:15:00Z,2848941,22130,1369,YouTube
tAkgSvnpC6U,World of Warcraft,World of Warcraft : La Saga en 1 Video,El Fedelobo,2024-11-23T19:00:29Z,2823231,110152,4003,YouTube
SiIjThwKLaE,World of Warcraft,Midnight | Intercession Cinematic | World of Warcraft,World of Warcraft,2025-08-19T19:47:38Z,2746848,57327,9238,YouTube
DjuN1dE50VI,World of Warcraft,Fall of the Lich King Launch Trailer - Justice | Wrath of the Lich King Classic | World of Warcraft,World of Warcraft,2023-10-10T17:01:18Z,2515663,70682,2188,YouTube
CFpqk07Emf0,World of Warcraft,World of Warcraft Classic - LE PIRE MMoRPG,Sheshounet,2019-09-06T10:13:55Z,2497779,72981,2303,YouTube
NR_evU3qDF8,World of Warcraft,this is what 24000 hours on rogue looks like,pshero,2022-06-11T17:04:15Z,2384951,18644,1759,YouTube
kwTqM4apewo,World of Warcraft,When a plague breaks out in an MMO #game #story #meme,gamtory,2025-11-06T16:01:13Z,4692345,147671,2881,YouTube
QInBVzBJuU4,World of Warcraft,World of Warcraft: Shadowlands Features Overview,World of Warcraft,2019-11-01T18:49:50Z,2279122,27844,4697,YouTube
GnhTAZ5TJE8,World of Warcraft,Sreamer poops himself in classic wow,JoshStryker ,2023-04-22T17:37:49Z,2282585,30879,3757,YouTube
HInmEcbFyF0,World of Warcraft,Wrath of the Lich King Cinematic Remaster | World of Warcraft,World of Warcraft,2022-09-26T19:00:05Z,2187193,52628,1585,YouTube
pz-tUdo-uYs,World of Warcraft,Final Boss Of Hardcore WoW,Xaryu,2024-08-17T03:00:38Z,2474011,42904,1359,YouTube
1qxB2Y4FLJU,World of Warcraft,Warcraft 3 Reforged All Cinematics in Chronological Order,Noone182,2020-02-03T16:00:01Z,2134397,16275,1132,YouTube
ZY97K6y3dL8,World of Warcraft,WORLD OF WARCRAFT (Classic),SORRYLAG,2023-04-26T21:10:53Z,2106242,119661,8710,YouTube
R4vkian6Ay8,World of Warcraft,Il n&#39;y aura plus jamais un jeu comme World of Warcraft,Kombo,2022-09-03T12:13:41Z,2056353,30815,1299,YouTube
HLKS0Jq9U_E,World of Warcraft,Terror of Darkshore,World of Warcraft,2018-11-02T22:42:46Z,2041026,32349,4494,YouTube
VfsHW8oWXLs,World of Warcraft,Arthas Takes Frostmourne &amp; Becomes The Lich King - All Cinematics in Order [World of Warcraft],Athelarius,2022-10-04T03:11:50Z,2037466,21553,1251,YouTube
lwF9GfD-VD4,World of Warcraft,Asmongold shows how BROKEN warriors are by pulling the entire zone,Asmongold Clips,2022-12-11T21:36:40Z,2029944,10145,953,YouTube
oJvHMln3nvQ,World of Warcraft,Ashbringer One Shot #wowclassic #paladin,GreekWario,2025-07-18T08:11:33Z,4872643,25939,911,YouTube
LN8ArKTYc6k,World of Warcraft,League of Legends Player Tries Hardcore WoW – Ep.1 + Ep.2,Asmongold TV  ,2023-11-23T00:00:11Z,1930891,32872,666,YouTube
nkSHHEWLsu0,World of Warcraft,I’m a WoW player.,World of Warcraft,2024-02-20T20:00:19Z,2490853,64287,935,YouTube
B7sCJPgJYXI,World of Warcraft,This is what World of Warcraft looked like in 1999,vaulty,2019-04-09T20:42:18Z,1795862,17453,1529,YouTube
xFT-ZkYMsSk,World of Warcraft,THIS BOSS HAD NEVER BEEN KILLED,CaptainCoach,2024-03-01T18:26:13Z,1881677,33893,629,YouTube
6_ABpQlvVbQ,World of Warcraft,Xaryu Gets Ganked by 40 Rogues as lvl 32..,Xaryu,2024-02-15T07:44:00Z,1688362,25488,747,YouTube
2qvb9-C4PqI,World of Warcraft,You asked if I&#39;d ever return to WoW..,Asmongold TV  ,2025-07-28T07:00:06Z,1463852,25669,4984,YouTube
LU5ndff8eBk,World of Warcraft,Cómo perdí mi vida en WoW,juja,2022-09-25T16:00:13Z,1448212,28997,824,YouTube
ebmwJnhtMgY,World of Warcraft,World of Warcraft &#39;The Ultimate Journey&#39; (A Relaxing Music Compilation),Robert E. Irby,2018-06-28T11:26:26Z,1420087,14937,906,YouTube
VJsMMB8l2NE,World of Warcraft,A pandemia do World of Warcraft 😷🚨 #worldofwarcraft,Orube Game Studio,2022-12-01T23:34:05Z,1375992,180747,454,YouTube
s17_1aCz3QY,World of Warcraft,this is what 18 YEARS of mage looks like,Xaryu,2023-03-21T22:00:17Z,1360085,17848,1273,YouTube
IRS0p6j6XpE,World of Warcraft,Secret OP powerbuilding tech for Humans in WC3,Grubby,2024-05-05T20:00:04Z,1697879,35495,597,YouTube
9nP0ot-gnso,World of Warcraft,The Accidental Virtual Pandemic in World of Warcraft,Half as Interesting,2020-03-26T15:03:18Z,1320427,51139,1606,YouTube
l8XRnU0bK1k,World of Warcraft,Arthas Menethil (The Lich King) Model Evolution│Warcraft 3 - Wrath of The Lich King,LeystTV,2023-08-23T17:36:59Z,1673150,44389,767,YouTube
UlVQr_s0byM,World of Warcraft,😂 LOGAN&#39;S WORLD OF WARCRAFT ADDICTION #shorts,IMPAULSIVE Clips,2022-08-21T20:00:12Z,1486432,38230,722,YouTube
vBI7AijI_Hs,World of Warcraft,Greatsword Heavy Attack Solo Kill | OPR | New World #shorts,Krotha,2022-12-07T23:53:56Z,1653063,13822,500,YouTube
mR7dtNrGp3I,World of Warcraft,⚡️The real no lifer of World of Warcraft in game #worldofwarcraft #wowclassic #classicwow #gaming,Morphious,2024-06-03T00:14:32Z,1800358,23309,1777,YouTube
iYIa20HeMq0,World of Warcraft,This Orc mechanic is SO BROKEN!,Grubby,2024-10-07T21:00:34Z,1574292,27669,396,YouTube
uExCHpbUcj4,World of Warcraft,3 Players think they can beat WORLD Champ WC3 player,Grubby,2023-07-31T09:00:40Z,1188885,12265,1223,YouTube
Mq4X51-ybfs,World of Warcraft,1v2 Mage Vs. Warriors In The War Within,Xaryu,2024-09-05T01:45:00Z,1265965,25213,1077,YouTube
DSvLkzRt9fc,World of Warcraft,The War Within Features Overview | World of Warcraft,World of Warcraft,2023-11-03T19:48:01Z,1145752,16724,1302,YouTube
Arv1FE-nZ68,World of Warcraft,1 MAGE vs 4 WARRIORS #classicwow #classicpvp,Ralin,2025-10-21T19:11:29Z,2399061,32945,2365,YouTube
fppwfilXi5w,World of Warcraft,i miss when WoW was just a game.,Rotan,2024-04-28T19:19:55Z,1092626,47419,7873,YouTube
V_gzyZLT9g8,World of Warcraft,Everytime I start an alt in wow classic,cybruv,2023-01-25T08:02:39Z,1387664,15470,726,YouTube
n7deIpwC02M,World of Warcraft,We&#39;re Tanks #worldofwarcraft #gaming #mmorpg #wow,Welgo,2024-07-02T01:38:59Z,1319478,28118,719,YouTube
lO8iOxW4xng,World of Warcraft,WoW Classic vs Retail: Quests #worldofwarcraft #wow #warcraft #blizzard,Schwowi,2024-12-08T07:03:23Z,1501224,27343,989,YouTube
DQ-2oaynZ0E,World of Warcraft,trust in me combustion retail wow mage pvp dragonflight #shorts #tiktok #gaming #anime #viral #funny,Aluneth Master,2024-06-22T12:10:05Z,1273054,15749,653,YouTube
4rECig2QhG0,World of Warcraft,World of Warcraft but there&#39;s no classes,Ascension,2024-10-24T13:00:07Z,1323154,26901,833,YouTube
QlZbLUVRphY,World of Warcraft,FURY WARRIOR TUTORIAL #asmongold #shorts,Asmongold Shorts,2022-12-06T01:00:06Z,1061605,16368,570,YouTube
4GV7hKR4L44,World of Warcraft,I Tried World of Warcraft (as a Complete Beginner),LẽSnow,2025-08-29T13:27:31Z,978060,25757,1448,YouTube
JwOJhqbkdcs,World of Warcraft,il videogiocatore PIU&#39; MALVAGIO di tutti i tempi,Il Forla,2024-11-21T12:30:15Z,1005816,77781,523,YouTube
9eCS_80rJiM,World of Warcraft,Mage vs Thunderfury Rogue World PvP #wowpvp #classicwow #magepvp,Ralin,2025-07-15T20:05:00Z,1975820,17245,844,YouTube
Eip57pqzSR4,World of Warcraft,Xaryu Forgot He Was Playing Retail WoW,Xaryu,2026-03-01T14:00:29Z,1795570,19780,1808,YouTube
j6_RjDRLLaY,World of Warcraft,I Played WoW On A Fresh Account (It Was Hell),Bellular Warcraft,2025-06-26T23:07:58Z,924653,23188,5597,YouTube
vUsVHkCuqK0,World of Warcraft,World of Warcraft is Becoming Disney 😔,Livestreams Memes,2026-02-04T15:27:43Z,1417187,37504,4703,YouTube
0gaXIjqnJlQ,World of Warcraft,The CRAZIEST World Of Warcraft Feature,WoWHub,2024-08-27T03:48:52Z,1110623,19051,1038,YouTube
AGxDpd2wyXg,World of Warcraft,Le plus grand exploit de l’histoire de World of Warcraft,Kombo,2026-03-01T13:15:02Z,901200,39852,1153,YouTube
IMsK31SB-5U,World of Warcraft,Here’s why I logged on to WoW today..,Asmongold TV  ,2026-02-26T12:00:23Z,897926,16008,2962,YouTube
d4Zrhb0mbO8,World of Warcraft,The Greatest Adventure in World of Warcraft,Jediwarlock,2024-06-21T17:00:26Z,889671,20762,3051,YouTube
H9rF1CSSh-w,World of Warcraft,"Jeff Kaplan: World of Warcraft, Overwatch, Blizzard, and Future of Gaming | Lex Fridman Podcast #493",Lex Fridman,2026-03-11T20:21:39Z,877284,26134,3850,YouTube
Y8uI1JpT1R0,World of Warcraft,"Remember That Pandemic in WoW? Well, It&#39;s Back",theScore esports,2025-01-11T17:00:27Z,873325,44529,355,YouTube
Soq6g3dL1Ys,World of Warcraft,Coming Home Cinematic | World of Warcraft: Midnight,World of Warcraft,2026-01-29T17:27:23Z,1690594,15922,3180,YouTube
OAaOqqwBXUY,World of Warcraft,Why Asmongold Really Quit WoW,Sodapoppin,2025-08-09T01:00:32Z,1566797,21582,1003,YouTube
N9RHZ8RlILI,World of Warcraft,World of Warcraft (2025) - Gameplay (PC UHD) [4K60FPS],Throneful,2025-01-08T10:00:30Z,819708,4819,499,YouTube
Grz6_-vZTnM,World of Warcraft,I now understand why its called the “greatest of all time”,Gbay99,2025-10-20T12:16:52Z,810893,29302,5033,YouTube
yF_zizCU5sM,World of Warcraft,Me as a Fury Warrior in PvP… until I meet a Feral Druid #worldofwarcraft #warcraft #mmo #mmorpg,Dvalin Gaming,2025-04-20T14:01:13Z,1602587,9843,310,YouTube
kLZ1lcuNkgs,World of Warcraft,A NEW Warcraft-Style RTS is Out?? #warcraft #warcraft3 #rts #esports  #thescouring,ElleixGaming,2025-11-06T14:01:17Z,1143516,11022,727,YouTube
ELSY17O2xBM,World of Warcraft,The Night Elf Who Hates Horde &amp; ALLIANCE  #wordofwarcraft #thewarwithin #worldofwarcraftclassic,Platinum WoW,2024-06-25T16:00:11Z,953345,30572,2006,YouTube
QzhoIn-_AAc,World of Warcraft,"Hardcore Classic WoW, but I don&#39;t know how to play (#1)",J1mmy,2024-12-10T21:04:21Z,761795,27061,1585,YouTube
uOdD-mPf-QM,World of Warcraft,The Most Coordinated 160 Player Raid - &quot;For The Alliance!&quot; Achievement,Ross2312,2022-09-25T18:00:16Z,757457,6694,723,YouTube
Z7LX7pQslxw,World of Warcraft,Stranglethorn is no joke. Be careful out there!,World of Warcraft,2023-09-13T17:04:15Z,871847,33620,394,YouTube
mP_mVuo3Y0k,World of Warcraft,⚡️SKILLED 1v1 VS Full BiS Priest Classic WoW⚡️#worldofwarcraft #wowclassic #classicwow #gaming #pvp,Morphious,2024-05-26T15:22:31Z,1018597,9128,475,YouTube
g79VJA8dLTc,World of Warcraft,Why I Play WoW Alone - The Solo Experience,Angelikatosh,2025-03-14T19:00:01Z,751352,30410,4712,YouTube
7hl59M8FzN8,World of Warcraft,World of Warcraft 2: The Azeroth Journey | WoW Remastered AI Cinematic,WOW:REBORN,2025-03-13T19:17:09Z,754859,18519,2054,YouTube
3lRtgXrQhdk,World of Warcraft,Classic World of Warcraft on a Retro Gaming PC #retrogaming #worldofwarcraft,OldSchoolRigs,2025-06-24T21:01:25Z,1695658,28519,1055,YouTube
nAkJo9g3Ykw,World of Warcraft,PROOF that mage is the BEST CLASS in Season of Discovery,Xaryu,2023-12-12T18:06:03Z,774519,9515,409,YouTube
nnzdeoSMkvM,World of Warcraft,WOW Complete Beginner Guide 2025 (War Within),Lucky Ghost,2024-08-22T16:43:20Z,722440,13622,851,YouTube
TYiE5vN7SNQ,World of Warcraft,WoW Player&#39;s Reaction to Guild Wars 2 Guardian Abilities,Geegan,2021-06-08T13:23:07Z,810498,9486,510,YouTube
zKj4VTDalA4,World of Warcraft,Steam Deck  360 No Scope Advantage! Spin to Win!,Swifty,2025-05-25T12:28:15Z,1422658,8059,679,YouTube
9fNKxcFdUjY,World of Warcraft,INTRODUCCIÓN AL WOW CLASSIC | ¿EMPEZAR A JUGAR? | CLASES Y RAZAS EN WOW BURNING CRUSADE,elxokas,2021-05-21T15:00:10Z,685628,25378,765,YouTube
qSAtbxDnE-Q,World of Warcraft,Playing World of Warcraft For The First Time | Let&#39;s Play World of Warcraft in 2022 | Ep 1,OmarioRpgGaming,2022-10-05T14:47:30Z,680968,10316,1173,YouTube
TU1Lq-mtKcQ,EA Sports FC 26,FC Mobile Ballon dOr Packs!🧃,StanManTV,2025-10-10T16:50:25Z,18705407,322220,614,YouTube
9RKJ2QLKOLY,EA Sports FC 26,Perfect Freekick FC25 ⬇️, FC26Tutorials1,2025-05-28T15:36:43Z,26209032,163975,224,YouTube
TSi0iJYSQ24,EA Sports FC 26,EA SPORTS FC 26 | Official Reveal Trailer,EA SPORTS FC,2025-07-16T15:57:07Z,12094005,291696,23425,YouTube
XhP3Xh4LMA8,EA Sports FC 26,EA SPORTS FC 24 | Official Gameplay Trailer,EA SPORTS FC,2023-07-13T17:07:10Z,9232284,211805,10234,YouTube
7IHiuDa8Jfg,EA Sports FC 26,FC 26 Goalkeepers GONE WRONG! #108 #fc26,Ranking King,2026-04-10T12:00:11Z,13637362,115328,284,YouTube
HLfKF8Ah4Yk,EA Sports FC 26,FIFA Ball Deformation Evolution: 20 Years of Physics! (FIFA 04 - FC 26),awesomePCgames,2025-08-08T20:39:58Z,10441828,200865,386,YouTube
c-nAiwqrUZg,EA Sports FC 26,FC 26 Noob vs Casual vs Pro Long Shooting,FC26 Tutorials,2026-02-09T19:39:44Z,10809776,84102,358,YouTube
MEL4y4mXUkI,EA Sports FC 26,FC 26 + PS5 Pro + OLED 83″ = Pure happiness 🎮✨#fc26 #ps5 #gamingsetup #goodvibes #happiness,Andreas Home,2025-10-22T01:10:29Z,7997766,112641,1352,YouTube
lXEpmmDWf-4,EA Sports FC 26,Dribbling Skills FC25 ⬇️,FC26 Tutorials,2025-03-09T17:52:56Z,7059523,58910,391,YouTube
0GE8YCIQF2M,EA Sports FC 26,EA SPORTS FC 26 | Official Gameplay Deep Dive,EA SPORTS FC,2025-07-22T15:57:08Z,4414257,122007,10490,YouTube
ONIsBrOE8co,EA Sports FC 26,NEW Secret Skill Move in FC 26 😱🔥,FC PowerPlay,2025-10-15T18:30:23Z,8793096,34181,170,YouTube
qJ-erjPCXHk,EA Sports FC 26,EA Sports please put Diogo Jota on the FC 26 cover. 🥹🙏,FutVibes,2025-07-06T13:01:36Z,7120354,164542,1049,YouTube
z52dJRdTf7Q,EA Sports FC 26,Ea Fc 26 Vs 25 Trailer 🤯,Ronnyfx,2025-07-26T13:54:07Z,8354543,73907,387,YouTube
Z4a7TMNoSeE,EA Sports FC 26,Testing EA SPORTS FC 26 First Look Gameplay | PS5 #easportsfc25 #easportfc #efootball #efootball2025,Med-San,2025-02-07T10:31:00Z,4600605,55153,640,YouTube
L4X2TOlxpXE,EA Sports FC 26,3 celebrations we want in FC 26 🙏,Jacko Ginco,2025-08-09T11:27:26Z,5088464,50835,458,YouTube
EabAJc-2F5k,EA Sports FC 26,EA SPORTS FC 26 | Official Career Deep Dive,EA SPORTS FC,2025-08-01T15:57:07Z,2625863,81516,6793,YouTube
tHx2FE3ifDo,EA Sports FC 26,WHAT IS THIS TEAM!?! 😨,AuzioMF,2025-09-23T14:30:50Z,5611000,75952,465,YouTube
JqNVD1OB9TY,EA Sports FC 26,1 Impossible Goal With Every Icon,MoreCrunch,2025-04-26T14:00:26Z,2590294,15569,298,YouTube
iKZIyo811HE,EA Sports FC 26,Repeat or Redemption? | Obrun v Vejrgang | FC Pro Open Final | Full Match,EA SPORTS FC Pro,2025-02-01T21:54:18Z,2573268,22924,1206,YouTube
k3UzzUGzceA,EA Sports FC 26,🔥 Ballon d’or special best card 😱 #fcmobile #viral #ea #fc26,Mavrixon,2025-10-08T11:33:01Z,4425843,45575,422,YouTube
OGfWKfGAZOw,EA Sports FC 26,COMENCE UN MODO CARRERA EN EL FC26 CON EL MANCHESTER UNITED DE ENTRENADOR... EPISODIO 1,Davoo Xeneize Plus,2025-09-21T16:01:02Z,2522543,107237,5014,YouTube
x0gDi9xDBAA,EA Sports FC 26,Pov : My Card in FC26 💀🪄#eafc25 #eafc24 #eafcmobile #fifamobile #shorts#vishyfc #viral,Vishy FC,2025-10-07T12:35:26Z,4677610,59871,1075,YouTube
a2NybOY0LAA,EA Sports FC 26,I Built the Most Expensive Team… in FC 26,S2G,2025-09-28T12:20:34Z,2399050,27608,592,YouTube
YaY10FmC_w4,EA Sports FC 26,I Reach 120 Ovr in Fc26 💀💪#eafc25 #eafc24 #eafcmobile #fifamobile #shorts#vishyfc #viral,Vishy FC,2025-10-24T10:17:54Z,3659579,57516,432,YouTube
OCKdTCMZ6QE,EA Sports FC 26,Noob vs Pro Finishing – Low Driven Shots FC26,FC26 Tutorials,2025-10-16T17:44:39Z,4501348,38903,179,YouTube
N91LKnDcU7Y,EA Sports FC 26,Tutorial Skill FC26 🤯 #eafc26 #fifa #football,FC26 Tutorials,2026-05-09T17:09:06Z,4912420,30288,153,YouTube
TrkGHw91Gb8,EA Sports FC 26,Impossible Bicycle Kick Goals ☠🔥 #fifa #eafc #fc26 #fc25 #fifa23 #fc24 #football #gaming #shorts,RUN D,2026-04-25T13:03:03Z,3806305,37515,99,YouTube
YOG94qlddFg,EA Sports FC 26,I Spent $1000 in FC 26,MoreCrunch,2025-11-01T14:00:55Z,2068252,14539,278,YouTube
MVyCZetyIhc,EA Sports FC 26,FC 26 Imperialism: Last Team Standing!,Pazjor,2025-09-30T14:15:04Z,2070424,16865,868,YouTube
VlAyNSo-Kyg,EA Sports FC 26,Le record du monde du Carton Rouge le + rapide d’#FC ! 🔴 #football #gaming #speedrun #fc26,Skinra,2025-08-19T15:30:17Z,3680678,69950,92,YouTube
-gJQbERHWwY,EA Sports FC 26,Trying to win the Champions League with my wife in FC26… 😳⚽ #fc26 #ps5 #gamingsetup #gaming,Andreas Home,2026-01-27T17:55:24Z,3537246,28368,127,YouTube
SWsatFIztBc,EA Sports FC 26,MODO CARRERA HUMILDE - Episodio.1 (EA SPORTS FC 26),ROBERT PG,2026-01-10T14:00:48Z,2007512,91926,4684,YouTube
sdN6MqIiMew,EA Sports FC 26,I Played the Career of Max Dowman…,S2G,2026-03-19T14:19:05Z,1949091,31124,1259,YouTube
KO9UMMq9ZV4,EA Sports FC 26,FC 26 Powerful shots ☠🔥 #fifa #eafc26 #eafc #fc26 #fc25 #football #shorts,RUN D,2025-10-22T22:30:29Z,3685144,45191,335,YouTube
ccImPM2MORk,EA Sports FC 26,UCL But Rating = Shirt Number,More Chuff,2025-11-05T15:30:25Z,1875252,18804,1205,YouTube
eC2Ig3eZhak,EA Sports FC 26,Nightmare  EUSEBIO 🥵 (p-2) #fifa23 #fifamobile #fifa #easports #eafc26 #fcmobile,FC FAIR,2025-10-05T09:39:46Z,3616324,0,471,YouTube
IavIsAZ4QeA,EA Sports FC 26,KSI vs Erling Haaland: The Ultimate FC 26 Showdown,Erling Haaland,2026-05-14T12:00:35Z,1855639,71415,2237,YouTube
1KX15dU0xSM,EA Sports FC 26,Can You Throw The Ball Directly in the Goal in FC 26?,Tom and Matt,2026-03-13T12:00:04Z,3129507,51892,182,YouTube
0Svvuedk_hI,EA Sports FC 26,How to actually do a proper skill move Combo in FC 26,WACSkillZ,2025-09-21T20:23:43Z,4224378,28349,117,YouTube
TZZBI8Y8ryw,EA Sports FC 26,4411 tactics on top #fc26 🔝 Code at the end👊 #tutorial,Bagwellfc,2025-10-15T15:48:41Z,3754626,60655,384,YouTube
MUrpZw_1IpY,EA Sports FC 26,This Corner Is UNSTOPPABLE in FC26 🤯,FC26 Tutorials,2026-04-28T18:54:42Z,3928313,16942,37,YouTube
Tc3vOLjnd1I,EA Sports FC 26,Throw-In Tutorial EA FC26 ⬇️,FC26 Tutorials,2026-03-24T17:23:01Z,3474558,18736,67,YouTube
d26qFDGfS_g,EA Sports FC 26,NUEVO MODO CARRERA FC26 con CASTIGOS y EVENTOS INESPERADOS,ROBERT PG,2025-09-20T16:11:50Z,1710701,59747,4266,YouTube
FX8oqqgUeF8,EA Sports FC 26,I Signed Every Nation’s BEST Player,More Chuff,2025-12-14T12:19:14Z,1603573,19325,779,YouTube
GoZXdKN1VPQ,EA Sports FC 26,I Become the Man United Manager… in FC 26,S2G,2025-09-18T12:29:18Z,1580747,52916,2701,YouTube
G26KN25UnLA,EA Sports FC 26,Fancy Drag Back Tutorial – Master This Stylish Skill Move in FC26 #FC26,Fut inspector,2025-09-22T18:17:00Z,3868989,38379,137,YouTube
8fY8uvRh1ZU,EA Sports FC 26,"Every Ronaldo Goal, +1 Upgrade",More Chuff,2025-11-28T15:30:05Z,1557977,14717,485,YouTube
wbSW3LiW3lE,EA Sports FC 26,What is the Worst Possible Injury in FC 26?,Tom and Matt,2026-03-18T12:01:52Z,2681630,41634,197,YouTube
73LTRheOkqg,EA Sports FC 26,How to do Elastico Variation NEW Skill Move in FC 26,WACSkillZ,2025-09-20T14:55:40Z,2784646,23639,63,YouTube
F-XbUMuPROI,EA Sports FC 26,FC 26 &#39;Be A Goalkeeper&#39; Career Mode #1,2SANDER7,2025-09-19T12:00:34Z,1492664,23186,360,YouTube
gFK2vKBSZGE,EA Sports FC 26,UCL But Shirt Number = Points Per Goal,More Chuff,2025-12-19T15:30:36Z,1492234,14846,1080,YouTube
mTIYDARRgBY,EA Sports FC 26,اول مباراة في FC26  ضد لاعب كاكا 🫨,AboFlah Gaming,2025-10-02T14:41:55Z,1441632,82815,3397,YouTube
r23MvEGMTVQ,EA Sports FC 26,Ronaldo-IShowspeed-Yamal 🥵 Skill Goal #football #fifa #fc26 #gaming #trending #viral,Gj FunX,2025-08-05T07:00:48Z,2456635,24745,113,YouTube
7HoPMgSOePQ,EA Sports FC 26,أول تجربة للعبة FC 26 الكاملة,Abdo 2xd,2025-09-18T08:19:02Z,1421490,88829,2163,YouTube
t-a-iQYcHRY,EA Sports FC 26,Deretan fitur baru di EA FC26 🤝,Revisi Terakhir,2025-09-06T11:17:12Z,2528971,52618,338,YouTube
3fZumiKp5hE,EA Sports FC 26,EA SPORTS FC 26 | First Gameplay Livestream,EA SPORTS FC,2025-09-16T16:20:28Z,1375012,37474,1589,YouTube
S530jLADADQ,EA Sports FC 26,JOGANDO O FC 26 PELA PRIMEIRA VEZ !! Melhorou muito??,MuuhPro,2025-09-18T00:15:06Z,1336757,40280,1594,YouTube
OcBGuVeTDYs,EA Sports FC 26,FC 26 Best Goals After Release 🥶🔥 #fifa #fc26 #fc25 #eafc25 #football #gaming #shorts,RUN D,2025-10-01T12:06:40Z,2562512,39192,230,YouTube
1ooNXhzMBv4,EA Sports FC 26,FC 26 Ultimate Team | Official Deep Dive,EA SPORTS FC,2025-08-05T15:57:07Z,1319705,36710,2508,YouTube
8VYJPC6B2k0,EA Sports FC 26,"Every Yamal Goal, +1 Upgrade",More Chuff,2025-12-24T11:53:45Z,1293830,13872,774,YouTube
VNnc1fSm1bQ,EA Sports FC 26,FC 26 | TOP 20 GOALS #1 (INSANE),Noori,2025-09-23T10:47:28Z,1302494,7483,294,YouTube
_BMbnPohwVk,EA Sports FC 26,Insane Goalkeepers ☠️🧤 #eafc #fifa #eafc25 #fcmobile #fifamobile,FLASH FC,2025-08-08T13:30:38Z,2206003,34116,855,YouTube
vXMilC6Ozjc,EA Sports FC 26,PRIMER GAMEPLAY DE EA FC 26 (ME LO COMPRO) DjMaRiiO,DjMaRiiO,2025-07-22T16:12:39Z,1198643,43904,2336,YouTube
54z5RZYgXbc,EA Sports FC 26,I Made Mbappe The World&#39;s Worst Player,Even More Chuff,2026-01-19T15:30:05Z,1165677,10074,482,YouTube
wgoQ_FTuPto,EA Sports FC 26,Best Corner Tutorial ⬇️,FC26 Tutorials,2025-09-30T17:51:22Z,2490586,19956,152,YouTube
pchNMruBzkc,EA Sports FC 26,"FC 26 vs eFootball 2026 - Graphical Details, Player Animation, Physics - Comparison #fc26",awesomePCgames,2025-10-29T16:22:41Z,1104694,6905,432,YouTube
o6v5mCt0xiU,EA Sports FC 26,FC 26 | TOP 20 GOALS | PS5™ [Full HD],FLASH PLAYER,2025-10-10T14:01:33Z,1080452,6432,190,YouTube
HL8GtRHYw9U,EA Sports FC 26,FC26 But Every Goal = Spend $100,More Chuff,2025-09-19T14:30:15Z,1079533,14450,623,YouTube
e8oYwisfdyA,EA Sports FC 26,Skill + Power Shot Tutorial ⬇️,FC26 Tutorials,2025-04-24T15:18:51Z,2879318,17643,103,YouTube
PKj-foOJpFE,EA Sports FC 26,ONLY IN EA FC 26 😭 #135 #fc26,Ranking King,2026-05-13T12:00:44Z,1732676,28492,56,YouTube
okZh3ktDAxI,EA Sports FC 26,I Create my Own Player… in FC 26,MoreS2G,2025-09-19T12:40:58Z,1006916,30289,2057,YouTube
6Sjjo9dcos8,EA Sports FC 26,Play Real FC 26 ANDROID &amp; iOS! #fifa #fc25 #fcmobile #fc26 #smartphone #games #gameplay #fyp,Guypro Gaming,2025-07-18T23:49:57Z,50742369,341492,159,YouTube
AQ_qVmmEeZ8,EA Sports FC 26,"FC 26 - Real Madrid vs Barcelona. Ft. Mbappe, Yamal, | UCL Final 2026 El Clasico Full Match!",Theft Gamerz,2025-11-30T14:00:16Z,976760,7634,188,YouTube
y_yZ5I3K5JE,EA Sports FC 26,Play Real FC 26 ANDROID &amp; iOS! #fifa #fc #fcmobile #fc26 #smartphone #games #gaming #fyp,Guypro Gaming,2025-08-22T23:57:38Z,13053871,165414,93,YouTube
9lwWxcHR25c,EA Sports FC 26,Mon joueur est 10 fois plus fragile que Neymar 😭💀 #fc #foot #carriere #gaming #fc26,Skinra,2025-01-02T16:30:01Z,1294909,38256,94,YouTube
HAO2kLslrTc,EA Sports FC 26,I Discarded the Most Expensive Player ☠️💔 #fcmobile #fc26 #fcmobile26,RkReddy,2025-08-18T14:30:41Z,1696183,37994,159,YouTube
hnmI_tVQo8w,EA Sports FC 26,¿Cuál es el JUGADOR MÁS VIEJO POSIBLE en EA FC 26? 😳😱,panchitofifa10,2026-05-23T17:30:11Z,1713964,44061,60,YouTube
hm5ArqXKl8A,EA Sports FC 26,EA Sports FC 26 - All New Gameplay Features &amp; Celebrations,MAD GAM3R,2025-09-06T15:32:39Z,938080,9877,697,YouTube
CPL4lqf0_iI,EA Sports FC 26,FC MOBILE 25❌ FC MOBILE 26✅ #fifamobile #fcmobile #messi #ronaldo #fifamobile23 #fcmobile25,Gamers window,2025-08-26T07:30:12Z,1956870,0,168,YouTube
Ei6mxs3LjIE,EA Sports FC 26,I Played FC26 for 72 Hours Straight,Jamie Fussell,2025-10-15T16:00:14Z,905430,12832,682,YouTube
IdPXnTorN2Q,EA Sports FC 26,FC 25 on Xbox Series S,Vertraxis,2025-07-11T11:00:40Z,1405756,27043,119,YouTube
v5B_YieMzIg,EA Sports FC 26,Ronaldo | FC Mobile 26 vs 2050 👑🔥 #fcmobile #ronaldo #fifamobile #football,Gaming Gangs HD,2025-08-16T13:01:39Z,2000329,10480,64,YouTube
bnu6Ebp6NI4,EA Sports FC 26,Fui a comprar el EA Sports FC26 para Nintendo Switch 2 😎👍,Ray Bacon,2025-09-26T14:17:41Z,1801752,26362,329,YouTube
dMeLXhZAMn4,EA Sports FC 26,"FC 26: PS4 vs PS5 Comparison - Graphics, Celebrations, Features, Players &amp; More! #fc26",awesomePCgames,2025-10-25T10:51:26Z,1040640,20728,149,YouTube
cyK0gh4nivQ,EA Sports FC 26,"FC26, FC25, FC24 &amp; FC23 PS5 Full Set in One Place | GameStop Pakistan #fifa26 #fc26 #ps5games",GameStop Pakistan,2025-09-25T11:15:04Z,1800966,14244,134,YouTube
0FXZjrsOPpk,EA Sports FC 26,FC 26 - Real Madrid vs. Barcelona - La Liga 25/26 El Clasico Full Match | PS5 Pro [4K60],MJ7,2025-09-28T15:38:08Z,858470,6405,238,YouTube
ef_1F9Y6QJ0,EA Sports FC 26,FC26 NEW Shooting Tutorial ⬇️,FC26 Tutorials,2025-10-28T08:31:10Z,2144817,16433,95,YouTube
EIJswXGX9XM,EA Sports FC 26,¿Qué pasa al Final de un Modo Carrera de FC26?,LioTiz,2025-09-20T18:27:34Z,1526879,49917,218,YouTube
fFIDDc583_Q,EA Sports FC 26,I Create my Own Club… in FC 26,MoreS2G,2026-02-22T15:37:26Z,852438,33209,3671,YouTube
Nz7HhTq3OIY,EA Sports FC 26,UCL But Speed = Shirt Number,More Chuff,2025-12-07T09:00:28Z,850544,10894,453,YouTube
A1GHujcjkRE,EA Sports FC 26,“I’m Not Buying EA FC 26”,LAG_OG,2025-09-22T21:10:10Z,1673248,25283,284,YouTube
-h84teRK3wc,EA Sports FC 26,MODO CARRERA HUMILDE - Episodio.14 (EA SPORTS FC 26),ROBERT PG,2026-05-20T19:34:15Z,809675,41777,3181,YouTube
kf21igFfuzQ,EA Sports FC 26,Cristiano Ronaldo Evolution FC 24 - FC 27 ☠️🔥 #eafc26 #fc26 #shorts,Jogges | FIFA & Football,2025-10-03T09:01:19Z,1669054,13511,101,YouTube
pzGtqCrpmeg,EA Sports FC 26,"FC 26 vs eFootball 2026 | Graphics, Animations &amp; Realism Compared",SO FOOTY,2026-01-22T15:01:33Z,778176,4892,451,YouTube
2MFZyXmahGA,EA Sports FC 26,Can I Win the UCL with Long Shots Only...,More Chuff,2025-10-29T15:30:01Z,771230,9920,546,YouTube
U1p68BeOXeM,EA Sports FC 26,Yamal FC 25 Vs Yamal FC 26 Speed Test⚡ | #lamineyamal  #shorts #eafc25,JoG9,2025-05-13T20:00:31Z,1391010,8493,70,YouTube
Koij5VmsqNg,EA Sports FC 26,Power Shot FREEKICK Tutorial ⬇️,FC26 Tutorials,2025-08-09T15:01:06Z,1796122,14438,85,YouTube
-YsbRVr-9w8,EA Sports FC 26,Stopde Thinks He Packs Ronaldo in FC Mobile 26!!  #fcmobile,Stopde,2025-10-04T01:00:01Z,1673870,17610,221,YouTube
ue7ldeq-QKY,EA Sports FC 26,Freekick Tutorial ⬇️ #fc26,FC26 Tutorials,2025-09-19T18:42:36Z,1844449,13076,62,YouTube
gVNnQjiYz_0,EA Sports FC 26,EA Sports FC 26: The Most Realistic Football Game Ever Made,awesomePCgames,2025-10-22T09:33:53Z,1030351,16560,57,YouTube
0n0V6s6s-8I,Call of Duty Warzone,Swagg steals Nadia&#39;s hacks for Warzone 2,Swagg,2022-11-21T03:40:56Z,127452334,3686433,11538,YouTube
tH0sc_EPvs4,Call of Duty Warzone,Bronny steals Swagg&#39;s hacks,Swagg,2023-06-16T02:51:25Z,35544972,1320131,2319,YouTube
63HC3iCDPek,Call of Duty Warzone,I Faced Nadia 1v1 for the Win 😳,TCaptainX,2022-10-17T18:25:49Z,35030644,1657218,18985,YouTube
6aosSNGw3qg,Call of Duty Warzone,WHEN YOU PULL OFF THE SELF REVIVE - CALL OF DUTY WARZONE REBIRTH ISLAND,Goal Post68,2024-07-28T16:55:05Z,34292925,395554,2010,YouTube
XvDzJzYod6s,Call of Duty Warzone,Helping out enemies with camo challenges in Call of Duty,Wacke,2021-02-23T19:09:03Z,23605474,1389968,10151,YouTube
8DKua4U6xMc,Call of Duty Warzone,Real vs Fake COD *CHALLENGE* 😱,FaZe Blaze,2022-08-30T18:00:03Z,22546930,671292,7796,YouTube
ieCX-S6Xr88,Call of Duty Warzone,Warzone Stim Shot in Real Life 😱,Wacke,2022-08-10T01:14:19Z,22915902,704786,4070,YouTube
mGi3SmpLoaU,Call of Duty Warzone,New FORTUNES KEEP map IS COMING! When Rebirth Island?,LiterallyRay,2022-08-28T01:00:09Z,23554096,503002,3502,YouTube
rGoh0jU9948,Call of Duty Warzone,Who Has The Dirtiest Setup in Nuke Squad?,Nuke Squad,2023-05-30T03:26:17Z,18569773,657387,6947,YouTube
9lr9rSYBXUY,Call of Duty Warzone,This Player RUINED WARZONE! 😱,FaZe Blaze,2022-08-08T02:40:21Z,19360145,531106,2991,YouTube
XV8vBqNu9nI,Call of Duty Warzone,CALL OF DUTY MODERN WARFARE 2 Gameplay Walkthrough Campaign FULL GAME [4K 60FPS PS5],MKIceAndFire,2022-10-21T02:05:40Z,18131679,200359,9055,YouTube
H78X9dH7d9g,Call of Duty Warzone,Squid Game skins in Warzone are so tuff😍 / all skins &amp; bot lobbies in bio⬆ #squidgame  #warzone #cod,Wu77a,2025-01-07T18:58:28Z,17569187,730553,1451,YouTube
B7zl2trYs9A,Call of Duty Warzone,The Controller Made For PC…,YTLukeyy,2024-02-12T11:30:31Z,17286093,0,6945,YouTube
NNMJRBCl1Sc,Call of Duty Warzone,1v4 endgame vs *ACTUAL* sweats #warzone #callofduty #rebirthisland #mw3,Galaxywz,2024-09-20T01:09:22Z,17385601,500923,4618,YouTube
sfDejt6EuS4,Call of Duty Warzone,@CallofDuty can you PLEASE EXPLAIN?? 🤔#shorts,RowdyRogan,2022-11-25T19:00:31Z,13670683,249563,1073,YouTube
S0irK5cDml0,Call of Duty Warzone,WARZONE GODZILLA VS KONG GAMEPLAY! (NO COMMENTARY),NoAnnoyingCommentary,2022-05-23T12:00:30Z,12874643,49395,340,YouTube
nrtaAKZiB5k,Call of Duty Warzone,A GUN mouse?! Is this gonna make me better? 😅 #warzone,DeveloperAdam,2023-08-15T19:10:54Z,12676811,314810,4384,YouTube
dKpL_h7va4w,Call of Duty Warzone,Call of Duty Modern Warfare: Warzone Battle Royale Solo Gameplay (No Commentary),Apollo432,2020-03-27T10:30:04Z,12200880,123715,2921,YouTube
eBYXHsbeYKU,Call of Duty Warzone,Call of Duty: Warzone Mobile | Launch Trailer,Call of Duty,2024-03-14T15:54:41Z,11752607,50071,4392,YouTube
EKD7NNkb1YQ,Call of Duty Warzone,Sinful was in FLOW state🤯#warzone #warzonefunnyclips #gaming,ImSinful,2025-07-19T22:44:43Z,21558801,565012,5095,YouTube
x2Zg0eeDT14,Call of Duty Warzone,How CASUAL players play WARZONE!,Nadia,2023-04-20T01:00:18Z,11820080,271979,20321,YouTube
bW674pLrqZI,Call of Duty Warzone,Squalz Vs Toxic Egirl..☕💀 #shorts #cod #warzone #movement #squidgame #sniper #egirl #squalz #viral,Squalz,2025-01-19T05:50:11Z,13057256,325955,1500,YouTube
px-5YXnWDxs,Call of Duty Warzone,Call of Duty Warzone: 23 KILL SOLO GAMEPLAY! (NO COMMENTARY),NoAnnoyingCommentary,2021-10-28T03:01:06Z,10273894,90406,1776,YouTube
_icXyjTtOn0,Call of Duty Warzone,These *GLITCHED* akimbo Snipers can ONE SHOT at INFINITE RANGE 😱 Setup at the end,OllMS,2025-05-12T15:27:36Z,22113768,319533,640,YouTube
0E44DClsX5Q,Call of Duty Warzone,Official Trailer | Call of Duty: Warzone,Call of Duty,2020-03-09T16:46:12Z,9193617,260113,19090,YouTube
Fa3h8qEG34A,Call of Duty Warzone,MW2 - 21 SAVAGES&#39;s &quot;Stabbed... A Lot&quot; Finishing Move 👀,LegoUnlocked,2023-08-31T16:06:22Z,8519904,326140,2931,YouTube
aX5GpgtfUkU,Call of Duty Warzone,Still the BEST Female Warzone Player,Nadia,2022-11-21T23:17:00Z,7477170,185510,5682,YouTube
KjmfQdmdDA4,Call of Duty Warzone,Warzone 3 Aiming Guide🤝🏼,Berger,2024-01-30T17:19:17Z,7295578,322965,2055,YouTube
W7Zatp6qYQc,Call of Duty Warzone,Call of Duty: Warzone 2.0 SOLO GAMEPLAY! (NO COMMENTARY),NoAnnoyingCommentary,2022-12-08T11:52:58Z,7056680,48364,429,YouTube
zjoGpk9BInE,Call of Duty Warzone,Call of Duty Warzone OPERATION MONARCH Victory (No Commentary Gameplay),COD_DeathZone,2022-05-15T20:29:22Z,6822119,45210,916,YouTube
M55WkqZmRsc,Call of Duty Warzone,SECRET *WSP SWARM* Makes You INVISIBLE🤯Class at end!,Chopin,2024-05-12T11:24:50Z,6573695,266606,1956,YouTube
KlCzROTAos4,Call of Duty Warzone,CALL OF DUTY: WARZONE 22 KILL SOLO GAMEPLAY! (NO COMMENTARY),NoAnnoyingCommentary,2023-11-28T12:30:11Z,5987184,53996,1093,YouTube
_xHZbsYeNLs,Call of Duty Warzone,Call of Duty Modern Warfare 2｜2022｜Full Game Playthrough｜4K,DraKulis,2022-10-26T01:48:10Z,5758484,54142,1376,YouTube
1AZE58vHY6A,Call of Duty Warzone,Call of Duty Modern Warfare 2019｜Full Game Playthrough｜Realism Difficulty｜4K RTX,DraKulis,2022-11-27T20:58:21Z,5678081,45350,956,YouTube
vql05Oo5GEE,Call of Duty Warzone,WARZONE 2.0 IMMERSIVE SOLO GAMEPLAY! (No Commentary),NoAnnoyingCommentary,2023-01-12T11:58:27Z,5621972,42840,766,YouTube
jy3YzYOmyXw,Call of Duty Warzone,Terrifier x Cod😈 / all skins &amp; finishers in bio  #warzone # #callofduty #mw3,Wu77a,2024-10-11T19:02:10Z,5942082,152209,889,YouTube
5LdIyuPeHcA,Call of Duty Warzone,MP7 x MP5 Combo Is Back On Rebirth Island 🔥 #warzone #callofduty #mw3,dezzy,2024-09-20T23:59:06Z,6562080,199799,2399,YouTube
d6x-_lxGRrA,Call of Duty Warzone,#callofduty #playstation #ps5 #warzone #cod #fortnite #leverback #callofdutywarzone #mw2 #deathclaw,EXknight,2022-12-20T16:12:33Z,6200117,0,1632,YouTube
V2PIC-0WqFo,Call of Duty Warzone,Ransom 😈| Warzone Trickshot #shorts,𝐋𝐞𝐯𝐢 Warzone,2025-03-17T02:29:36Z,7516695,268866,2485,YouTube
LC_jTWD6D-Y,Call of Duty Warzone,Call of Duty: WARZONE PACIFIC SOLO GAMEPLAY! (No Commentary),NoAnnoyingCommentary,2022-04-17T12:00:09Z,5181054,59743,461,YouTube
5RRa1wjOP9M,Call of Duty Warzone,OG Rebirth Island is Beautiful 🤩 #callofduty #warzone #cod #modernwarfare #blackops6 #rebirthisland,AverageAnas,2025-01-17T16:34:24Z,6481377,219780,2711,YouTube
LZGeD8j7XNs,Call of Duty Warzone,WARZONE GODZILLA VS KONG GAMEPLAY! (NO COMMENTARY),NoAnnoyingCommentary,2022-05-18T12:00:13Z,4651372,20154,102,YouTube
lXs1O7hsgAo,Call of Duty Warzone,This INSANE *ZERO AIM* Kar98k is a CHEAT CODE😱 Setup at the end,OllMS,2024-06-07T17:00:37Z,4776036,200692,445,YouTube
ncaYNfOUMJY,Call of Duty Warzone,Reloads in different perspectives #shorts #cod #warzone #gaming #funny,Kommander Karl,2024-02-17T14:09:55Z,4705358,288599,856,YouTube
KurHR-5VmIw,Call of Duty Warzone,Most Realistic Mission in Call Of Duty EVER! | CLEAN HOUSE,Skywalker Gaming,2023-11-26T12:26:09Z,4386868,53194,1422,YouTube
orSc3zHP6-g,Call of Duty Warzone,Black Ops Royale Launch Trailer | Call of Duty: Warzone,Call of Duty,2026-03-02T18:00:05Z,6519403,11723,1515,YouTube
N4KuSJE87LQ,Call of Duty Warzone,Warzone devs trolled cheaters real bad with this #callofduty #cod #warzone,Outscal,2024-05-15T13:00:31Z,4960613,274337,3213,YouTube
EgF15K5S1tg,Call of Duty Warzone,We Played Warzone Again...,SMii7Yplus,2024-05-20T16:00:09Z,4151912,141025,3447,YouTube
P42Zb3ZvHk0,Call of Duty Warzone,(PS5) The Secret Ukraine Base Mission | Ultra Realistic Gameplay [4K60FPSHDR] Call of Duty,Enjoy Games,2025-09-24T14:00:54Z,3841222,21626,502,YouTube
EZMYvAWbyLo,Call of Duty Warzone,(PS5 PRO) Call of Duty Modern Warfare II | Realistic ULTRA Graphics Gameplay [4K 60FPS HDR] Part 7,VedpooL2,2025-04-28T14:33:22Z,3791499,21573,550,YouTube
bx5cuGKcRLM,Call of Duty Warzone,M4 Comparison | Delta Force Mobile vs Warzone Mobile vs CODM vs New State Mobile vs PUBG Mobile,Perfect Gaming ᴮˡᵘᵉ,2025-03-23T13:04:19Z,4497085,155663,1975,YouTube
BC91XkS8xQU,Call of Duty Warzone,CALL OF DUTY: WARZONE 2 RANGER SNIPER GAMEPLAY! (NO COMMENTARY),NoAnnoyingCommentary,2023-11-05T12:30:06Z,3399079,31030,434,YouTube
zwTw5BBXMew,Call of Duty Warzone,GREATEST Trickshot in Warzone HISTORY 🤯,Whoh,2025-01-27T12:02:45Z,4854784,107492,891,YouTube
SkWElnNxSMs,Call of Duty Warzone,CALL OF DUTY WARZONE Godzilla Vs Kong PS5 Gameplay 4K 60FPS,MKIceAndFire,2022-05-11T17:00:22Z,2983967,26506,841,YouTube
lLmUkKhuD7M,Call of Duty Warzone,🔥 Playing Black Ops 6 on PS5 LAG FREE W/ HYPEREV Dual Band WIFI 6 Gaming Router #gaming #PS5 #setup,CamXPetra,2024-11-14T13:07:05Z,3578331,107460,523,YouTube
mK5oxOLwUSw,Call of Duty Warzone,126 Kills on Rebirth Island 👑 + #1 Warzone Settings,Lion,2024-12-17T18:00:33Z,2893897,30638,1359,YouTube
mDIk5MAcPBA,Call of Duty Warzone,THE *BEST* CLASSES TO USE IN WARZONE 👑🔥,Yourtox,2025-02-09T12:04:47Z,4404815,93412,736,YouTube
aVhnFl0T78U,Call of Duty Warzone,IS SQUID GAMES the MOST INTENSE WARZONE EVER?,RowdyRogan,2025-01-25T17:27:30Z,3123354,34934,271,YouTube
DGDAZgIU7Xk,Call of Duty Warzone,this BROKEN Aim M4 is ALL You Need in Warzone 2! Class @ end!,MillzaaTV,2022-11-20T17:17:55Z,2899412,92042,1104,YouTube
uzPfiiXvtZM,Call of Duty Warzone,1000IQ Rotation🤯 *INSANE*,Camy,2025-05-06T23:01:04Z,4137060,128073,1403,YouTube
KpX7-HXAn0M,Call of Duty Warzone,200 FOV On Rebirth Island...,zurly,2022-03-11T21:00:08Z,2394875,44071,3198,YouTube
RG4qhWr1tA4,Call of Duty Warzone,Call of Duty Warzone 2 Solo 23 Kill M4 Gameplay PS5 (No Commentary),Nxheart No Commentary,2023-09-28T15:00:33Z,2378699,22205,486,YouTube
iWWox240TpI,Call of Duty Warzone,Call of Duty : Warzone Caldera | RTX 4090 24GB ( 4K Maximum Settings RTX ON / DLSS OFF ),GTX 1050 Ti,2023-05-22T13:30:27Z,2327720,22213,428,YouTube
Qop1sH70nHI,Call of Duty Warzone,Call of Duty Warzone 3 Solo Rebirth Gameplay PS5(No Commentary),Marshal No Commentary,2024-04-10T08:30:08Z,2324008,15849,636,YouTube
vvOzfIVOAB0,Call of Duty Warzone,BEST OF SPECTATING HACKERS IN WARZONE HISTORY,TimTheTatman,2024-08-03T14:00:55Z,2316738,26228,906,YouTube
3KwApIvseLE,Call of Duty Warzone,Is Delta force better then warzone? 🤔 #deltaforce  #callofduty  #warzone  #bloodstrike,Ace striker ,2025-01-15T00:00:04Z,4151397,64025,815,YouTube
F8DVPIYVOJA,Call of Duty Warzone,Zombies EVRYWHERE ! Call of Duty Warzone | Zombie Royale Verdansk Gameplay,WHiTE DEATH,2020-10-21T03:58:57Z,2286254,32224,1522,YouTube
gMUKg8F0kbM,Call of Duty Warzone,CALL OF DUTY: WARZONE 2 RANGER SNIPER GAMEPLAY! (NO COMMENTARY),NoAnnoyingCommentary,2023-05-01T11:30:24Z,2243447,12971,201,YouTube
BZWbXiZcYIY,Call of Duty Warzone,Are Streamers RUINING Warzone?,CPreds Two,2025-07-07T23:37:37Z,4407868,131917,1389,YouTube
XhsUzOgcydk,Call of Duty Warzone,I Found Warzone&#39;s #1 Player,CPreds Two,2026-01-19T23:30:18Z,4198149,60713,326,YouTube
aobfmfqoqyw,Call of Duty Warzone,Can A COD NOOB SPEEDRUN Dark Matter?,rowtide,2024-12-21T15:00:02Z,2025925,34017,2146,YouTube
Xx8B83ekmEk,Call of Duty Warzone,The Best Movement Technique in Warzone 2,TCaptainX,2023-02-02T18:00:28Z,2510955,66249,537,YouTube
7NLEgZnRXHg,Call of Duty Warzone,Two CIA Agents Executed at Home - Call of Duty / PS5 (REALISM),ZB FireGaming,2025-08-17T11:00:11Z,1991847,15150,243,YouTube
-7h0QjUIZBc,Call of Duty Warzone,National Treasure! 🧊 | CAM0S IN BI0 #callofduty #warzone #cod,AverageAnas,2026-05-21T01:02:57Z,3437233,59246,541,YouTube
uTShBGgSn3s,Call of Duty Warzone,WARZONE SOLO SNIPER MORS GAMEPLAY PS5 PRO(No Commentary),Marshal No Commentary,2025-07-15T09:30:39Z,1921071,14232,271,YouTube
JHXoKFGy-bE,Call of Duty Warzone,"10-Year-Old DOMINATES Warzone with Famous Rapper, Can they WIN?",RowdyRogan,2024-10-14T20:57:49Z,2208104,36926,219,YouTube
AvPVhRxhpWU,Call of Duty Warzone,STOP Losing 1v1s in Warzone (6 Tips),Berger,2024-12-21T18:55:58Z,2606131,89414,502,YouTube
Zj_SdusF7mQ,Call of Duty Warzone,CALL OF DUTY: WARZONE VERDANSK SOLO GAMEPLAY! (NO COMMENTARY),NoAnnoyingCommentary,2025-04-03T17:24:07Z,1754072,12249,288,YouTube
Vgzqgp-r9Ew,Call of Duty Warzone,40 minutos das PIORES REAÇÕES PÓS-MORTE do COD Warzone (Compilado 2022),Rodrigo LS,2022-06-18T19:06:30Z,1703571,50345,606,YouTube
DTtHj_m5zWk,Call of Duty Warzone,1000IQ GAS PLAY 1V4 CLUTCH🤯,Camy,2025-08-25T23:00:22Z,2895823,71430,802,YouTube
A8r8xNWhj8w,Call of Duty Warzone,CRAZIEST CLIP ON BLACK OPS 6😲   #callofduty #warzone #blackops6 #gaming,Nadia,2024-09-02T19:13:22Z,2905961,42045,1303,YouTube
n-BCYGGSTtU,Call of Duty Warzone,Je l&#39;ai remis dans le droit chemin #warzone #callofduty #warzone4 #cod #rebirthisland #blackops6,JustFunkyy,2025-04-15T14:54:57Z,3289254,82002,585,YouTube
tl17B4GSUKY,Call of Duty Warzone,WARZONE 1 IN 2024?! #cod #mw3 #warzone1 #warzone #callofduty,SpectreXR_,2024-01-13T03:03:15Z,2188627,82011,817,YouTube
HUHQBn1rtVI,Call of Duty Warzone,STIMS NERFED AGAIN in Warzone Season 3 Reloaded 🤯,Lucky Chamu,2025-05-01T18:22:32Z,3556619,42116,588,YouTube
zktVp5j4Ibc,Call of Duty Warzone,COD: Warzone 2.0 - PS4 vs. PS5 Comparison,GameFormative,2022-11-18T14:16:14Z,1855975,40033,407,YouTube
J_haapaAufc,Call of Duty Warzone,3 Levels of Recoil Control,CPreds,2026-02-22T02:15:47Z,2434837,56942,379,YouTube
Sy8TblD5oz4,Call of Duty Warzone,A Milli! 💸 | CAM0S IN BI0  #callofduty #warzone #cod,AverageAnas,2026-04-25T15:36:44Z,3159846,45113,914,YouTube
9zYpuV31Bxc,Call of Duty Warzone,*NEW* JUMPSHOT ABSOLUTE META🤯🔥,Camy,2025-09-15T23:00:20Z,2976244,45638,325,YouTube
nmpPETd2IQY,Call of Duty Warzone,⬆️The BEST Controller Settings for Movement &amp; Sensitivity on Warzone⬆️👑😍 (XBOX/PS5/PC),chqser,2025-03-24T19:01:05Z,2638533,46923,354,YouTube
MQsd_6ToHi4,Call of Duty Warzone,PS4 VS PS5 - The ULTIMATE BATTLE on Warzone (HANDCAM),RowdyRogan,2025-07-03T18:40:47Z,2341908,16896,727,YouTube
S1uSnb5rLII,Call of Duty Warzone,This Jump Spot is Meta in Warzone😍 / #warzone #callofduty #cod,Wu77a,2025-09-29T18:04:37Z,2939461,46506,701,YouTube
czBRt33tL_s,Call of Duty Warzone,ULTIMATE SETTINGS VIDEO FOR MAX AIM ASSIST AND LEAST RECOIL #callofduty #warzone #settings,MightaswellbeMac,2024-05-16T02:31:58Z,1585868,66828,1168,YouTube
XtyV7fedMpw,Call of Duty Warzone,All 60 MW3 Finishers In Warzone - Call Of Duty Finishing Moves,Tactical MaskedMan,2024-10-19T16:52:21Z,1403622,10509,259,YouTube
JdA8oyMmVzY,Call of Duty Warzone,CALL OF DUTY: WARZONE 2 TACTICAL SNIPER GAMEPLAY! (NO COMMENTARY),NoAnnoyingCommentary,2023-11-30T12:30:15Z,1371668,11722,185,YouTube
L8nXOIBWc-U,Call of Duty Warzone,The Craziest 360 TrickShot in Warzone History …,TheOnlyShady,2025-07-05T12:00:41Z,2335555,38367,360,YouTube
kfQPVhWBxAU,Call of Duty Warzone,The NEW Gravemark .357 can IS SO BROKEN 😱 setup at the end,OllMS,2025-09-19T18:30:59Z,2943340,27969,122,YouTube
X1pYZnKa_Bg,Call of Duty Warzone,Call of Duty: Warzone Gameplay (PC HD) [1080p60FPS],Throneful,2020-03-11T01:00:02Z,1309230,15390,610,YouTube
A9mZD44z4nE,Call of Duty Warzone,HOOD LOADOUTS IN WARZONE PART 2 #mw3 #cod #rebirthisland #warzone #rebirthmeta #callofduty #drill,spahz,2024-08-14T10:00:16Z,1775459,44320,466,YouTube
AYHr870PwKw,Call of Duty Warzone,Warzone CLUTCH Moments That Will BLOW Your Mind! 🤯,Top Call of Duty Plays,2024-08-02T19:46:13Z,1266101,6183,222,YouTube
2XHfMq4_Mzk,Call of Duty Warzone,Warzone 1 is just better…,SideLogic,2023-03-30T18:58:06Z,3606323,28356,272,YouTube
RX3rAvVBIh4,Apex Legends,When you try to heal in Apex Legends #shorts #gaming #apex #meme,aceof_spadess,2021-12-27T01:37:38Z,23087306,924288,6812,YouTube
nzoWI1RhhjA,Apex Legends,Apex Legends Loba in Real Life 😳,diehardGG,2022-06-14T20:37:23Z,18105876,434792,3482,YouTube
KiVBoh71yqU,Apex Legends,APEX.EXE,PaluluMan,2019-03-10T18:46:54Z,15358867,496600,12801,YouTube
ThSKocfe5QE,Apex Legends,Apex Legends Season 2 – Battle Charge Launch Trailer,Apex Legends,2019-06-27T15:05:11Z,12032198,268262,25010,YouTube
m6KZkDX1-Uk,Apex Legends,MY FIRST WIN! - APEX: LEGENDS,LazarBeam,2019-02-06T06:57:06Z,11105457,202211,20773,YouTube
x9y9Ep4KdKI,Apex Legends,Zero Recoil Trick in Apex Legends,Esidi,2023-03-01T00:47:45Z,8506413,375846,2714,YouTube
quACziGJqQM,Apex Legends,Apex Legends Season 5 – Fortune’s Favor Gameplay Trailer,Apex Legends,2020-05-08T17:00:11Z,8009931,253704,21545,YouTube
C3q_SibAOc4,Apex Legends,Apex Legends Season 3 – Meltdown Gameplay Trailer,Apex Legends,2019-09-28T04:27:01Z,6887803,180717,17302,YouTube
OT33rwOzuNM,Apex Legends,WORST HEIRLOOM in Apex Legends?,Simply Ashton,2023-04-06T19:00:10Z,6810104,263786,3960,YouTube
9Shyf149Xhg,Apex Legends,Probé Apex y me gustó más que Warzone,El Último Círculo,2022-01-22T00:17:48Z,5961081,186255,7278,YouTube
WgoYFPl2TD0,Apex Legends,I&#39;ll never hit this Kraber shot again...,iiTzTimmy,2024-03-15T17:12:37Z,6582426,384118,2547,YouTube
OtVABKfc_AE,Apex Legends,Apex Legends: Defiance Gameplay Trailer,Apex Legends,2022-01-31T16:00:13Z,5754008,160392,8336,YouTube
bNRnuDqi1t4,Apex Legends,THE BEST PACK LUCK IN APEX LEGENDS EVER?,Ayy_TonyRomero,2023-01-24T21:07:32Z,4692560,233087,718,YouTube
8EyocPoPvCE,Apex Legends,Imagine Touching Apex For The First Time And He Did This! - Apex Legends,justapexthings,2023-07-19T06:00:05Z,4559789,151336,1024,YouTube
tqL3-7ixz8U,Apex Legends,I Got Banned in Apex Legends... 😭,schrodingerLee,2025-04-17T11:36:19Z,8387007,282739,2543,YouTube
8H_Mseaxp4c,Apex Legends,"Apex, but it&#39;s 𝗿𝗲𝗹𝗮𝘅𝗶𝗻𝗴 (4K)",ayex,2023-03-23T16:00:05Z,4117557,132892,3538,YouTube
Ix-6DAcuPcg,Apex Legends,Apex Legends: Ignite Launch Trailer,Apex Legends,2023-10-23T15:00:10Z,3384527,120047,8548,YouTube
9idSS1dW660,Apex Legends,I Tried Apex as a Complete Beginner,dreamstrike 2,2023-09-08T15:00:07Z,3232754,68362,3754,YouTube
UMJb_mkqynU,Apex Legends,Apex Legends Gameplay Trailer,Apex Legends,2019-02-04T20:13:29Z,2978912,52944,2689,YouTube
ZPY6tencgL8,Apex Legends,Apex Legends: Resurrection Gameplay Trailer,Apex Legends,2023-08-03T15:00:15Z,2866110,94536,6459,YouTube
rVPQOuYMLxQ,Apex Legends,Top 5 Fastest Finishers in Apex Legends!,RossTheeSquirrel,2024-04-17T14:57:30Z,2895618,142450,572,YouTube
6wFWoMy_HXM,Apex Legends,How hard is #1 Apex Predator to hold? #shorts,HisWattson,2025-03-23T03:52:24Z,4521424,100092,1059,YouTube
krNh2nNqcPU,Apex Legends,I Won with EVERY HEIRLOOM in Apex Legends,Simply Ashton,2023-05-15T19:00:16Z,2586868,59242,1125,YouTube
wID1ZaFgH-I,Apex Legends,Legends playing kanche 😉 #shorts #funny #kanche #marbles #viral #legend #gameplay #childhood,Comedian Manish,2023-07-20T10:30:17Z,3762307,26932,135,YouTube
xu3UVxLc1F8,Apex Legends,Apex Gave Me A Real Life Heirloom #apexlegends #apexlegendsgameplay #gaming,The Gaming Merchant,2023-03-06T21:03:35Z,2262325,144210,891,YouTube
KUvpFvQhsbE,Apex Legends,How to move faster in #apexlegends,District,2023-06-15T15:14:53Z,2335375,122763,482,YouTube
l5jDabefEj8,Apex Legends,Rating EVERY Skirmisher Legend From WORST To BEST #apexlegends,HisWattson,2024-03-02T08:48:56Z,2987687,107767,1388,YouTube
JuNeSzWZwlM,Apex Legends,#1 Apex Predator Banned LIVE For Cheating #apexlegends #apex,The Gaming Merchant,2023-08-24T11:49:00Z,2461503,89059,945,YouTube
wSGhlJvSMTw,Apex Legends,Solo ROOKIE to PREDATOR in One Stream - 34 HOURS OF APEX: The Sequel,iiTzTimmy,2024-03-20T22:30:16Z,2075548,41310,1425,YouTube
yzPneIsb7Tg,Apex Legends,Apex CONTROLLER Players NEED To Use This NOW,District,2024-12-10T16:29:50Z,2832306,105781,788,YouTube
mjD8cEZ46lQ,Apex Legends,💉NEW💉 Octane Heirloom Balisong Animations IRL,Seongbae Balisong,2024-03-01T03:00:24Z,2233964,86334,532,YouTube
-LRRI6B2mK0,Apex Legends,FREE Heirloom Shards!!,Simply Ashton,2025-03-05T17:11:29Z,2471519,98700,1840,YouTube
kBUb1qWD8o8,Apex Legends,"Faide vs. World Champions in $20,000 Solos Tournament",Faide,2024-06-19T15:58:53Z,1884995,32360,1924,YouTube
yOnTA7wRi7w,Apex Legends,5 Custom Heirlooms in Apex Legends!,RossTheeSquirrel,2024-07-21T17:11:10Z,2143787,73485,890,YouTube
b8AZaixJ6Bc,Apex Legends,The Craziest Cheats In Apex Legends History,RossTheeSquirrel,2024-10-28T19:26:51Z,2523879,83518,1113,YouTube
rf8QuG1kbAI,Apex Legends,Apex Legends: Ignite Gameplay Trailer,Apex Legends,2023-10-26T15:00:13Z,1798949,52706,4550,YouTube
pCcH-fbsl50,Apex Legends,WHAT RANK CAN A MOVEMENT PLAYER REACH IN 8 HOURS...,Faide,2025-06-21T18:44:47Z,1691646,22032,600,YouTube
6E17RdHtuSY,Apex Legends,Top 10 MOST USED Octane Skins in Apex Legends,Esidi,2023-01-25T18:00:02Z,1640067,77035,1303,YouTube
n8-jB4BGJeI,Apex Legends,Apex Predator Voice Lines Are AWESOME!,RossTheeSquirrel,2024-04-29T13:00:43Z,1883781,111044,1306,YouTube
3WZ5DNIzc_o,Apex Legends,Apex Legends: Takeover Anthem Trailer,Apex Legends,2025-01-30T16:00:06Z,1285137,35498,3192,YouTube
qb00PDb7eqM,Apex Legends,Apex Legends: Overclocked Anthem Trailer,Apex Legends,2026-04-28T15:00:06Z,1275795,34943,2755,YouTube
tTr7VAn98G0,Apex Legends,The Rank #1 Solo Player: Faide,Faide,2026-03-04T22:15:45Z,1260872,23200,661,YouTube
JK2p-vZNfPA,Apex Legends,Apex Legends: Upheaval Gameplay Trailer,Apex Legends,2024-05-03T17:00:11Z,1234861,41375,2066,YouTube
En4FfGx_LD4,Apex Legends,Opening 36 Apex Heirloom Packs at Once #shorts,HisWattson,2025-02-11T22:35:35Z,1986748,50297,305,YouTube
i4C3HjHWJJ4,Apex Legends,CAN AN OG APEX PREDATOR Hit Masters in 24 Hours Using ONLY the R99?!,Floating Koala,2025-04-19T17:34:32Z,1173271,15804,521,YouTube
LwwCG2IR4ZM,Apex Legends,Apex Legends: Showdown Anthem Trailer,Apex Legends,2025-07-28T15:00:06Z,1115506,34199,2447,YouTube
d542OZEy6Lk,Apex Legends,Apex Legends x Gundam Event Trailer,Apex Legends,2026-03-03T15:59:58Z,1086130,31267,2681,YouTube
UoE9Exyb0KY,Apex Legends,5 Things Only OG Apex Players Remember!,RossTheeSquirrel,2025-09-07T22:10:40Z,1859756,49589,1314,YouTube
hxe8g-RXmMQ,Apex Legends,Controller Settings To SIMPLY BEAM Enemies In Apex Legends!,TimProVision,2023-01-04T18:00:26Z,1340430,39459,289,YouTube
aBgKKU4igIY,Apex Legends,Typical Gamer plays RANKED Apex Legends!,Typical Gamer,2022-09-13T08:20:15Z,1011713,12447,455,YouTube
IJ0gN5dSBcs,Apex Legends,ALL SECRET Unique Legend Animations!,The Gaming Merchant,2023-07-15T11:08:39Z,1148867,67355,310,YouTube
bPnadYTeXxQ,Apex Legends,BEST SETTINGS in Apex Legends 👀,RossTheeSquirrel,2023-05-27T17:18:37Z,1103283,45965,171,YouTube
ZMQla8V4PSI,Apex Legends,IMPACTFUL &amp; Simple Movement Tips In Apex Legends!,TimProVision,2024-10-09T17:00:33Z,1327047,42172,130,YouTube
45cFroZABAI,Apex Legends,SOLO 20 KILL BADGE HARDEST TO EARN IN APEX LEGENDS?,Ayy_TonyRomero,2024-05-16T23:50:02Z,1359089,67888,861,YouTube
j47Fg4Qo58w,Apex Legends,5 BEST Heirlooms In Apex Legends,HisWattson,2024-03-21T07:34:16Z,1241139,58034,735,YouTube
wWgC_FPIm9w,Apex Legends,Twitch Streamers React To The Rank #1 Wraith... (Killing TTVs),Faide,2025-10-28T05:31:00Z,940740,16044,692,YouTube
kQkYabjDIrM,Apex Legends,Apex Legends: Shockwave Gameplay Trailer,Apex Legends,2024-08-01T15:00:12Z,896205,30135,2134,YouTube
QsAexyFZpjA,Apex Legends,Faide getting chased by pro movement players 😅☠️,EFY - Apex Legends,2026-01-25T21:45:52Z,1855649,29186,313,YouTube
2zb5hXtTp-w,Apex Legends,New Octane Buffs In Apex,bobz,2025-06-24T14:33:53Z,1498520,29945,673,YouTube
C2-hLckQjsk,Apex Legends,Apex is Genuinely Changed,iiTzTimmy,2026-04-03T19:40:04Z,1534043,36124,390,YouTube
moiQsGXQLlI,Apex Legends,Apex Legends: Mobile Is FINALLY Returning!,RossTheeSquirrel,2024-10-04T16:06:07Z,985196,56636,1386,YouTube
KVH8_5DQcHU,Apex Legends,So Jynxzi and Caseoh Needed an Apex Carry...,iiTzTimmy,2026-03-31T03:49:16Z,827124,26015,841,YouTube
-tiAbYV8qyA,Apex Legends,BEST SETTINGS in Apex Legends from an Apex Predator,HisWattson,2024-02-22T04:51:34Z,1166333,63239,205,YouTube
HcQHrjMBwnU,Apex Legends,I’M NOT BUYING THE LIFELINE PRESTIGE SKIN,Ayy_TonyRomero,2024-06-25T23:57:22Z,1254174,43561,400,YouTube
J9QGlKpMEl4,Apex Legends,"SOLO Octane 53 KILLS and 14,000 Damage Apex Legends Gameplay",hv apex,2025-01-13T16:00:14Z,803275,12526,275,YouTube
NyhLFE4K4YI,Apex Legends,NEW LEGEND TEASER FOUND! (Apex Legends),The Gaming Merchant,2025-04-22T23:22:04Z,1870926,25866,341,YouTube
gdx45-Rw9C4,Apex Legends,Apex&#39;s New Karambit is So Clean,iiTzTimmy,2024-11-09T02:30:21Z,1033081,38516,314,YouTube
hg0_PBw1OMI,Apex Legends,Apex Legends: Prodigy Gameplay Trailer,Apex Legends,2025-05-01T15:00:18Z,770449,23686,2469,YouTube
C2KnL16IvGI,Apex Legends,what apex predator gameplay looks like,iiTzTimmy,2023-07-04T20:45:06Z,848912,45502,503,YouTube
Qcz7GSJY-yk,Apex Legends,The SECRET to Impressive Aim in Apex Legends,Esidi,2024-06-17T15:30:11Z,984062,25927,296,YouTube
cSyLjg4ZlVM,Apex Legends,Which weapon will get the most kills at ALGS Midseason Playoffs? #algs,Apex Legends Global Series,2025-07-09T18:26:10Z,1134136,36049,446,YouTube
_UPLYr8mo78,Apex Legends,WHAT RANK CAN A MOVEMENT PLAYER REACH IN 12 HOURS...,Faide,2025-07-23T18:07:17Z,713575,10008,452,YouTube
uG5YuvIw3fc,Apex Legends,CaseOh Returns To Playing Apex,MoreCaseOh,2024-12-11T22:00:39Z,685287,13370,405,YouTube
TmAewokhgHA,Apex Legends,APEX PREDATOR IN UNDER 24 HOURS THE MOVIE,Faide,2025-08-24T06:59:17Z,662082,10155,249,YouTube
6_G08Q32Fpg,Apex Legends,Apex Legends: Overclocked Gameplay Trailer,Apex Legends,2026-04-30T15:00:08Z,635984,21731,1766,YouTube
m2oaUiUe83U,Apex Legends,I Formed the Apex God-Squad with Faide &amp; aceu...,iiTzTimmy,2025-08-26T02:10:12Z,627453,15381,341,YouTube
MCncFxqJv3c,Apex Legends,Apex Legends: Showdown Gameplay Trailer,Apex Legends,2025-07-30T15:00:11Z,622052,19528,1611,YouTube
gEbZA0atav0,Apex Legends,Faide Makes Ranked #2 Apex Predator Squad Crash Out On Each Other...,Faide,2025-07-31T04:30:30Z,614024,14813,2073,YouTube
ioGCCiRB9xM,Apex Legends,I played every FPS game to find the BEST ONE,Keeoh,2025-09-18T23:30:19Z,608254,16896,2485,YouTube
MWSRp4gAp6o,Apex Legends,The COMPLETE Beginners Guide to MASTER Apex Legends!,TimProVision,2022-11-02T16:00:13Z,587312,14602,423,YouTube
XRNJoZD_nvQ,Apex Legends,Apex Legends: Breach Gameplay Trailer,Apex Legends,2026-02-03T16:00:11Z,578413,14499,2023,YouTube
Jr7jtlPA-uQ,Apex Legends,"Octane 53 Kills and 15,100 Damage Gameplay Wins - Apex Legends (No Commentary)",Silent Gaming,2024-08-02T14:00:13Z,565735,6129,211,YouTube
WUZJuUEVpWI,Apex Legends,HOW TO GET PRO LIKE AIM IN APEX LEGENDS,District,2025-01-19T19:40:41Z,727816,22611,564,YouTube
GievAw9xxI4,Apex Legends,Zero Recoil Trick in Apex Legends,HisWattson,2024-02-09T05:59:34Z,814702,29241,243,YouTube
xmvVY5Hmr3s,Apex Legends,HOW to FIND YOUR MAIN In Apex Legends!,TimProVision,2024-06-01T17:00:38Z,552358,8221,675,YouTube
OBSIhRSkDYg,Apex Legends,MY MOVEMENT MAKES TWITCH STREAMERS ANGRY (#1 OCTANE),Xzylas,2025-06-11T20:00:14Z,551880,11172,789,YouTube
uRKQgFoXhVo,Apex Legends,The BEST Controller Settings In Apex Legends...,JTolerance,2023-03-15T19:29:00Z,726548,25111,185,YouTube
Cj94glVm5ow,Apex Legends,I Tried Mouse &amp; Keyboard and Went Insane,dreamstrike 2,2024-07-12T17:08:26Z,544367,11348,744,YouTube
QptArn-DqqY,Apex Legends,i Tried to Solo from Bronze to Masters Sparrow Only! (Apex Legends),CrazyRachet,2025-06-22T18:32:09Z,542834,6654,277,YouTube
LOxk4AxH_Gc,Apex Legends,How To Lurch Strafe On #apexlegends,SoaR Apex Legends,2024-06-30T16:00:15Z,1016787,20369,310,YouTube
PGJpL-vDHTU,Apex Legends,Rating The Top Battle Royal Games,EFI_GAMES,2023-07-28T11:20:01Z,977118,13318,963,YouTube
UkLtbMz5uz8,Apex Legends,Apex Legends: Amped Gameplay Trailer,Apex Legends,2025-10-30T15:00:11Z,515297,14860,1444,YouTube
pfLzFjXHM4M,Apex Legends,What Rank Can A Movement Player Reach in 8 Hours… (The Movie),Faide,2026-04-23T02:01:40Z,513246,8693,488,YouTube
-nj7DWdNVg0,Apex Legends,NEW APEX HEIRLOOM,iiTzTimmy,2026-05-06T12:20:06Z,808877,20376,212,YouTube
z-2HuClBYHg,Apex Legends,Top 3 BEST Legends for Solo Queue #apexlegends,HisWattson,2024-08-30T06:46:01Z,667099,24684,232,YouTube
2fapPrQ3mks,Apex Legends,USING MOVEMENT TO KILL TWITCH STREAMERS IN APEX LEGENDS RETURNS,Faide,2026-04-13T11:02:17Z,478434,14163,1148,YouTube
nWbwbrJ5_bA,Apex Legends,I Tried Apex Legends as a BRAND NEW Player.. It Broke Me,CupppaJoe+,2025-10-11T20:06:48Z,462495,12014,2152,YouTube
O80C8rvhvmE,Apex Legends,Movement Player Unlocks The Katana Heirloom...,Faide,2025-11-23T14:49:39Z,458276,9899,254,YouTube
SiKhbubqyeU,Apex Legends,Apex Predator Teaches Jynxzi How To Play Apex Legends,TheBurntPeanut,2026-04-01T16:10:46Z,457405,11244,495,YouTube
AjubMvW6CEw,Apex Legends,AXLE BUT WITH MOVEMENT,Faide,2026-05-12T08:44:53Z,460830,12210,532,YouTube
FUoqAn5T4h4,Valorant,L’Accord - Chamber Agent Trailer // VALORANT,VALORANT,2021-10-29T15:00:08Z,22903700,279634,13208,YouTube
H8PleqdCKfM,Valorant,TenZ tries VALORANT from 50ft away 🤯,Red Bull LFG,2025-07-30T19:00:13Z,24534156,683643,1177,YouTube
hhlgphVf-1g,Valorant,RETAKE  // Episode 2 Cinematic - VALORANT,VALORANT,2021-01-09T12:00:25Z,11958843,403185,17218,YouTube
dtx8CgjRmqE,Valorant,Spark - Neon Agent Trailer // VALORANT,VALORANT,2022-01-05T17:34:46Z,11057621,417486,24101,YouTube
xDK2BMUB-Zc,Valorant,Proof I can Hospital Flick in Valorant,UserSeif,2022-05-08T19:00:44Z,9981841,226074,5593,YouTube
BqTxM7g0guE,Valorant,"Valorant Indonesia - Clutch Terbodoh, 4 vs 1, Lagi Garuk",MILYHYA,2022-07-31T13:07:08Z,9462291,240302,7889,YouTube
mIMbUZisarE,Valorant,"Valorant, But I&#39;m Unlucky",Ujjwal Shorts,2022-03-22T03:30:09Z,8333862,492136,2946,YouTube
ejNxY0XOoEA,Valorant,VALORANTIN EN SİNİRLİ VELEDİ #gaming #valorant,Warlicia,2023-03-29T14:53:11Z,8453898,178123,2188,YouTube
IQNyOQ4fLEg,Valorant,These Silver VALORANT Lobbies are UNREAL,curry,2023-05-06T16:30:02Z,8060405,369855,2697,YouTube
OI9-XtNl5ls,Valorant,Bro Hit Immortal IRL❗️💀,Overtime Gaming,2024-03-17T18:00:11Z,9007154,276051,1451,YouTube
Fh6eCxto_Sw,Valorant,Inoxtag est vraiment un pigeon… comme nous ! 🤣,SQUEEZIE GAMING,2023-05-18T17:00:08Z,7813336,315222,691,YouTube
Xpav-PWml3s,Valorant,Las 2 últimas kills… 🤯 Top Radiant - valorant live stream gameplay daily highlights clips,Horcus,2024-06-07T16:00:36Z,6369467,318539,770,YouTube
X0_R1e-HSvA,Valorant,Iron to Radiant Speedrun (VALORANT WORLD RECORD),root,2022-11-05T16:44:28Z,6058373,127894,4980,YouTube
lal0vnL7rAk,Valorant,I GOT SUPER POWERS IN THIS GAME,Techno Gamerz,2023-03-23T03:30:12Z,5505294,263832,18174,YouTube
BQXjgKWDIzw,Valorant,The CALMEST calm aim clip in Valorant..,Rawzu,2024-04-18T07:12:20Z,5923064,272016,1290,YouTube
foflM_1pomw,Valorant,Reyna can basically dash now...,Kanga,2024-06-11T15:21:59Z,7064941,141978,822,YouTube
9Eh5WOC_aFk,Valorant,tenz explains how to play better in valorant,Kyedae,2023-03-19T20:48:32Z,6586944,241062,696,YouTube
tQBek-c2x1g,Valorant,Nobody Wants To Be Friends With Meeeeeee :(,MORFOSE,2025-08-04T19:33:05Z,9058723,113569,248,YouTube
RQ3V5nqdiDw,Valorant,"Valorant Indonesia - Charmander, Live Tio, Pengaturan Skor",MILYHYA,2025-07-12T12:30:06Z,4753775,129868,4789,YouTube
bx6XreSY_4w,Valorant,when valorant players try CS2,QuarterJade,2023-10-01T17:52:01Z,6122549,185886,2074,YouTube
H467W9K843E,Valorant,PACIENCIA... TODO IRÁ BIEN 🏆 valorant live streamer gameplay highlights daily clips duoq,Horcus,2024-10-29T23:09:26Z,5886404,243872,553,YouTube
QL0LUaxWUOI,Valorant,2 WORLDS // Clove Agent Trailer - VALORANT,VALORANT,2024-03-24T15:03:10Z,4481068,135046,4012,YouTube
Hai98WZfwyo,Valorant,&quot;Nerf Chamber Ult!&quot;😡 - Valorant,Thuning,2022-07-02T12:00:19Z,4797395,109751,1062,YouTube
F88WgxEAnpY,Valorant,OLD😎 vs NEW😭CHAMBER (VALORANT),Tip Genius,2023-02-24T15:00:10Z,4535389,140570,757,YouTube
B-cWCb2_rcY,Valorant,İYİ OYNAYAN KIZ GÖRÜNCE ERKEKLER #gaming #valorant,Warlicia,2023-04-12T14:54:39Z,4778411,114539,1471,YouTube
IMB4_8H3TYY,Valorant,most broken combo in valorant 😫,Grim Shorts,2025-03-18T13:00:25Z,7193022,180336,297,YouTube
Wrdh5HrOCMc,Valorant,VALORANT Gameplay (PC HD) [1080p60FPS],Throneful,2020-06-25T18:00:10Z,3916622,32037,1473,YouTube
thhMsp40B1Y,Valorant,MY FIRST GAME ON TEAM DEATHMATCH,Ujjwal,2023-07-03T03:48:27Z,3834843,106573,2947,YouTube
xdLea0ncIQM,Valorant,The sneakiest round win in Immortal,VALORANT,2025-02-20T02:36:36Z,6402897,188674,468,YouTube
403PWVV7q48,Valorant,Defying Dev Expectations: Raze&#39;s Blast Pack,VALORANT,2024-05-08T16:26:05Z,4593548,158033,380,YouTube
dhUcOpvHguM,Valorant,Pretending to be NEW in Valorant | Undercover Iron Episode 10,AminOnPC,2023-07-23T14:42:19Z,3723260,114019,1466,YouTube
btpWg1gDXIE,Valorant,ALL PATHS END HERE // Vyse Agent Trailer - VALORANT,VALORANT,2024-08-23T07:03:38Z,3682845,152720,5171,YouTube
CIUJdaLjSCI,Valorant,VALORANT pros fall for the oldest trick in the book,VALORANT,2025-02-07T22:31:36Z,7055115,187147,561,YouTube
94WwN3g6OhA,Valorant,How To *MASTER* The VANDAL in VALORANT,Boni,2023-02-04T21:53:29Z,3687090,196230,480,YouTube
WyYiVdNhTE0,Valorant,BRING IT ALL // IN MY ZONE ft. BBNO$ // China Mobile Launch Music Video - VALORANT,VALORANT,2025-08-18T02:00:23Z,3638054,155066,3795,YouTube
OPNw0jMD_aI,Valorant,The Phoenix buff is a game-changer..,Rawzu,2024-11-21T14:53:41Z,4545299,198213,447,YouTube
eJ3Zig1h8yc,Valorant,The BEST valorant CROSSHAIR that every PRO uses #shorts #gaming #valorant,MegasawFPS,2023-03-19T16:14:19Z,3949670,110365,293,YouTube
TK4oNxQDWQQ,Valorant,"NEW Agent VETO – Full Gameplay, Abilities &amp; Setup Guide (VALORANT)",Pro Lineups Guide,2025-10-13T03:37:12Z,6179981,65009,173,YouTube
q1SpwiZ9tAM,Valorant,OMG Duo Q avec squeezie la légende #helydia #clipsfrtwitch #pourtoi #valorant #squeezie,Helydia,2024-06-26T10:20:12Z,3918871,199713,284,YouTube
MaVsnwh8SqA,Valorant,How To Improve Your Aim FAST (Valorant Tips),Rem,2023-04-03T04:00:10Z,3902822,176149,892,YouTube
ExkK_f-Rp1s,Valorant,fastest tejo ace in corrode #valorant #valorantclutchmoments #valorantclips #valoranttips #gaming,SoCool,2025-09-06T17:22:08Z,7440553,136326,515,YouTube
jpL3IAk_iCs,Valorant,Average Clove ult #valorant #clove,urnotjustin,2024-08-31T01:40:10Z,4964363,125335,1164,YouTube
7BBwUCuxGBU,Valorant,radiants react to my marshal #valorantclip #valorant #gaming,Kaemi,2023-11-27T13:00:06Z,3618574,136310,617,YouTube
98wRoBwYcFg,Valorant,I Finally Played Valorant,ohnepixel raw,2024-01-22T16:27:58Z,3095574,87785,2609,YouTube
mleOjcd1gFg,Valorant,La Última Kill… 🤯 Top Radiant valorant live streamer gameplay highlights clips edit shorts montage,Horcus,2025-08-21T16:01:23Z,5524788,163856,359,YouTube
WSgSwKdFiPY,Valorant,my ranked teammates #valorant,Keybee Animation,2025-10-09T12:06:13Z,6231404,114739,424,YouTube
mdVGu6Cxtj0,Valorant,Clove Official Gameplay Reveal // VALORANT,VALORANT,2024-03-24T09:18:01Z,2824158,94629,5351,YouTube
gi-G-QpN7IQ,Valorant,A Valorant Video BUT All of my ACEs So Far...😎,BeastBoyShub,2022-03-20T12:49:17Z,2570884,112925,6008,YouTube
4OUY1oXbnTI,Valorant,Male VS Female VALORANT Characters? 🤔,nikimii,2023-09-04T18:00:01Z,2720606,134747,1388,YouTube
01vxzUOxD1Y,Valorant,Tejo is a balanced agent #valorant #valorantclutchmoments #valorantclips #valoranttips #gaming,SoCool,2025-05-24T06:58:58Z,6412208,139933,468,YouTube
Rqi6Anqa1Wc,Valorant,full ASMR VALORANT gameplay but on my POV... that could make you fall into sleep 😴,eddJune,2023-05-21T10:09:21Z,2296831,35656,1637,YouTube
lahOS9Rae1U,Valorant,5 FPS VS 15 FPS VS 30FPS VS 60FPS VALORANT #shorts #forzahorizon5 #gamng #valorant,NEDYAS,2024-02-04T20:48:33Z,3869505,46059,435,YouTube
_qRxvsxHgEg,Valorant,50 Times TENZ Proved He&#39;s The BEST In The Game,floz,2025-02-05T03:23:11Z,2266708,24373,433,YouTube
u-9zBWmQ0Hk,Valorant,INSANE NEW WAYLAY TECH💀 #valorant,crop,2025-03-16T12:34:42Z,3525486,67306,206,YouTube
mfBoy9PyqR8,Valorant,20 Minutes of Satisfying Valorant Clips,Rawzu,2025-01-18T07:00:25Z,2178992,34963,1010,YouTube
1DSObNtcsfM,Valorant,met en commentaitre ton rank + temps de jeux 😂 #valorant #valorantfr #rayakuzaa,Rayakuzaa,2024-09-15T10:46:05Z,2500575,111868,755,YouTube
cIuESE2TifQ,Valorant,cs2 pro tries valorant for first time #ohnepixel #bohnerpixel #valorant #cs2 #val #csgo,OhnePixel Clips,2023-12-02T15:07:30Z,2815748,149989,442,YouTube
JMg89QZN3wo,Valorant,Top 5 Most POPULAR Agents in VALORANT! #valorant,Sena,2024-10-23T18:43:21Z,2272017,154533,1535,YouTube
vQqU0F8vTOE,Valorant,Beggin&#39; 🙏🔥 (Valorant Montage),Zishu,2022-11-25T13:45:08Z,1908354,68772,1177,YouTube
J7_-r2UBrZM,Valorant,Everything Wrong with EX.0 #valorant,urnotjustin,2025-01-10T03:57:03Z,2083182,78130,796,YouTube
evN_I-JamR4,Valorant,The BEST/MOST VIEWED TenZ Valorant Clips of ALL TIME,Valorant Central,2023-01-14T22:00:09Z,1709875,15449,198,YouTube
amt_D7QZCYE,Valorant,WELCOME TO NEW LILYVILLE 😍 Lilyville Day 59 | Valorant Pro Gameplay Only 😎,GamerFleet,2024-12-22T15:16:45Z,1686493,133396,1685,YouTube
gictwC-KlTk,Valorant,NEVER FIGHT ALONE // Miks Agent Trailer - VALORANT,VALORANT,2026-03-15T17:00:55Z,1640613,76521,3289,YouTube
2FLY-gn-hGQ,Valorant,GIVE THEM NOTHING // Veto Agent Trailer - VALORANT,VALORANT,2025-10-05T10:35:00Z,1642190,68214,2613,YouTube
0FcSSso0Owg,Valorant,SHERIFF ONLY to IMMORTAL (Full Cowboy Series),ShiroRz,2024-01-12T15:13:13Z,1559100,21601,511,YouTube
74fDYAjs_50,Valorant,IMPOSSIBLE Prime Vandal 1v5 Clutch..,Rawzu,2025-04-23T14:43:47Z,2671336,69652,271,YouTube
UpBqCeVA7QQ,Valorant,Assim é a sensação de jogar a 540hz no Valorant - POV,Fraguas84,2024-04-25T21:33:19Z,1501857,33199,1063,YouTube
FLju88J-p6Y,Valorant,"On gagne pas, mais au moins on rigole 🥲 (Valorant)",SQUEEZIE GAMING,2024-03-18T17:00:14Z,1482894,73046,628,YouTube
-5Xb9lIWW5Q,Valorant,GUESS THE RANK ft @TenZ #valorant #tenz,Snax Gaming,2025-04-06T11:47:11Z,2552691,122576,234,YouTube
sxrSfF3Gh4Q,Valorant,I Tried Valorant (as a brand new player),Swolabear,2024-09-06T15:12:41Z,1467370,26505,1130,YouTube
FiBUFWcCPQw,Valorant,smartest sage in valorant 🧐,GrimLIVE,2025-06-23T13:00:33Z,2935980,78301,101,YouTube
7ePPKqe8TmU,Valorant,Valorantta attığım İLK BELA! (2020),CombatRy,2024-11-16T15:30:36Z,2107295,47182,331,YouTube
PrISVQoOv6E,Valorant,NS vs. PRX — VALORANT Masters Santiago — Grand Final,VALORANT Champions Tour,2026-03-15T21:32:29Z,1409324,19936,179,YouTube
VVR6xcLQw9Y,Valorant,IShowSpeed ALMOST BREAKS GAMING SETUP PLAYING VALORANT 😂 (FULL VIDEO),Speedy Plugs,2022-02-22T08:06:17Z,1343866,24202,2312,YouTube
JZTow66UGZE,Valorant,1 Tip for Every Gun in Valorant,Konpeki,2025-08-04T16:00:35Z,1339350,36654,517,YouTube
c-k7oNIoSxU,Valorant,Valorant vs RTX 4060 | Graphics Comparison,Games N Hardware,2025-07-27T11:45:07Z,2898935,21888,494,YouTube
p4l9MdyaJSM,Valorant,The hero that Sen City needs! #VCT,VALORANT Champions Tour,2025-02-01T01:41:44Z,2054392,52283,86,YouTube
k2ocKI18AXI,Valorant,SUKHWINDER: THE LASSI RETURNS | VALORANT,RG's Chillin,2024-09-04T09:30:23Z,1302773,52941,1760,YouTube
-imzGLsyvdE,Valorant,NEW Bandit Skins on VALORANT #valorant #bandit,urnotjustin,2026-01-07T00:02:26Z,1843211,38606,407,YouTube
1p1jaU85omE,Valorant,NRG vs. PRX — VALORANT Masters Santiago — Lower Finals,VALORANT Champions Tour,2026-03-14T21:29:18Z,1246140,17767,108,YouTube
LoI0a_ap9Oc,Valorant,1 Extremely Unfair Veto Mechanic,MrLowlander,2025-10-10T08:00:27Z,2134937,44142,340,YouTube
ldEaWs77z_w,Valorant,Clove Speedrun Full Series (Valorant),Keeoh,2024-05-23T15:00:46Z,1234572,14512,336,YouTube
793qx_bVULs,Valorant,0.01ms Flick | TenZ,Val Archives,2025-07-18T04:35:10Z,2624855,54768,211,YouTube
BPJLHBhQbaE,Valorant,Calming 360Hz stretched POV Valorant + Keyboard &amp; Mouse ASMR | Study Music Background 🎮🎶 | 4K 60FPS,slbAndre,2024-05-22T22:22:21Z,1167532,19738,675,YouTube
3xjpx8-2gD0,Valorant,The VALORANT Ultimate Guide for Beginners !! | SEN TenZ,TenZ,2024-07-30T16:00:03Z,1137679,45107,724,YouTube
RsqhfANMmh0,Valorant,VALORANT pero SORPRENDENTEMENTE somos BUENÍSIMOS,Auron,2025-07-24T18:55:41Z,1114714,37046,605,YouTube
yItvIE5u7Hw,Valorant,valorant new agent veto gameplay #valorant #valorantclips,Thunder Vishu ,2025-10-09T13:15:07Z,2172015,36687,169,YouTube
N3ppHlBrmx4,Valorant,HELLO I&#39;M BACK TO GRINDING !!! | TenZ,TenZ,2026-02-20T23:31:25Z,1104912,53546,1478,YouTube
ntI3h6d_PPo,Valorant,Relaxing 360Hz POV Valorant Gameplay + Keyboard &amp; Mouse ASMR | Study Music Background 🎮🎶 | 4K 60 FPS,slbAndre,2024-04-30T22:10:26Z,1101161,16027,712,YouTube
NYdWR7z3oYw,Valorant,5 Pro Players VS 5 Radiants! - How big is the gap?,Valorant Curios,2024-11-30T17:32:35Z,1095665,24669,612,YouTube
1ipFDyilXOc,Valorant,13 Most Common Low Elo Mistakes in Valorant,Konpeki,2025-08-15T17:12:40Z,1090737,24509,459,YouTube
GCWkjdE8TQw,Valorant,10 Minutes of Satisfying Gameplay,Narwax,2025-03-14T21:49:50Z,1093876,12604,273,YouTube
Ss5vMXNQ6rI,Valorant,Clean Aim + 0.18 1600dpi = Infinite MVP&#39;s,Narwax,2025-10-01T09:27:42Z,1068193,18108,461,YouTube
2YFK5djYHoE,Valorant,Valorant à la manette 😭😭😭#valorant #gaming #valorantfr #valorantclips,Rayakuzaa,2023-12-25T17:26:34Z,1563492,51641,508,YouTube
Q7xqtwKYkyk,Valorant,J&#39;ai enfin eu la Kuronami !! #helydia #valorant #cliptwitchfr #pourtoi,Helydia,2024-08-01T14:00:20Z,1157697,59494,210,YouTube
A1wxhT4NIRw,Valorant,New valorant agent leaked?? 🤯 #shorts,Sajal Slayer,2024-04-11T07:46:41Z,2001670,0,534,YouTube
qVM7wPXp5FM,Valorant,Playing BAD and then CARRYING | Neon Edition,SirMeow,2024-12-06T18:37:21Z,1002459,25700,950,YouTube
2yh-7pDCT7Y,Valorant,Veto is an F Tier Sentinel!  #valorant #valoranttips #valorantclips #valorantguide #gaming #shorts,Teets,2025-10-07T02:19:57Z,1335779,65799,538,YouTube
kC57408bupw,Valorant,TOP 100 SMARTEST VALORANT PLAYS OF ALL TIME,VALORANT - Protatomonster,2025-04-19T11:01:13Z,966236,8858,202,YouTube
Xv83zrz_l1M,Valorant,iso 500iq gameplay #valorant #valorantclips,Thunder Vishu ,2026-04-29T11:23:06Z,1775971,46196,295,YouTube
TiJK9Clh6aY,Overwatch,Overwatch VS Valorant (Voice Actors) 🎤 #shorts,Bundun,2023-04-12T15:00:32Z,26391422,839156,7043,YouTube
onplsJSdp4A,Overwatch,Sigma Origin Story | Overwatch,PlayOverwatch,2019-07-22T18:00:08Z,13095117,359091,38030,YouTube
5OJ4rR9EU_o,Overwatch,DVA has no skill issue,ALLinDRAMA,2023-05-02T17:11:21Z,8636325,350049,1695,YouTube
vIdgc6Ia7Gc,Overwatch,This game MIGHT be better than overwatch #marvelrivals #psylocke,Mugenszns,2024-12-06T09:00:30Z,10515734,760522,6222,YouTube
1xVigvobq-c,Overwatch,Overwatch characters ages😀 #overwatch #overwatch2 #overwatchfunny #overwatchleague #overwatchgame,ItsPapiDiego,2022-11-02T17:48:33Z,5682356,287791,4032,YouTube
G8LbOecWGug,Overwatch,[NOW PLAYABLE] Introducing Ashe | Overwatch,PlayOverwatch,2018-11-02T19:15:48Z,4797927,127532,20947,YouTube
NtulVJJlhH8,Overwatch,Ramattra | New Hero Gameplay Trailer | Overwatch 2,PlayOverwatch,2022-11-26T17:55:11Z,4723418,157954,9800,YouTube
vd_SPOkaZZ4,Overwatch,Ramattra Origin Story | Overwatch 2,PlayOverwatch,2022-11-05T01:35:51Z,4718147,155430,7873,YouTube
HP6aJKWWLLA,Overwatch,Overwatch: Top 25 Overwatch Plays of All Time,The Game Haus,2019-06-10T19:55:05Z,4083461,57660,1412,YouTube
jSGs0pN3psI,Overwatch,Lucio World Record Fastest Kill,NoobHunter,2025-04-04T14:00:53Z,8618024,172455,948,YouTube
32YX6LvJ2lE,Overwatch,We must protect them | Overwatch 2,Flats,2024-09-12T14:00:04Z,4430053,257995,1790,YouTube
WauLFQcFNHE,Overwatch,OVERWATCH 2&#39;s Answer to MARVEL RIVALS #shorts,jacobweeby,2025-02-15T01:29:01Z,3228821,273102,6788,YouTube
t2fJhOXgORk,Overwatch,Calificando al JETPACK CAT de #Overwatch #Xamael,Xamaelle,2026-02-14T19:00:56Z,4906850,77529,409,YouTube
ANBBqT6dQPE,Overwatch,This Sombra understood the assignment | Overwatch 2,Flats,2023-07-16T02:09:33Z,3095049,223240,1266,YouTube
w8LPtPnyCkM,Overwatch,This Baptiste smurf was bullying Gold players on a pogostick | Overwatch 2,Flats,2023-10-29T17:00:37Z,3369462,153112,1476,YouTube
qyYJnmZWfUg,Overwatch,Frogger Lucio World Record Fastest Kill,NoobHunter,2025-04-05T12:01:13Z,6555629,137763,432,YouTube
6VVxLQHfxX0,Overwatch,I Spent a Week Playing DPS to Prove it&#39;s Easy in Overwatch 2,kraandop,2024-05-23T17:00:04Z,2612262,52053,1408,YouTube
GspacNMHSbM,Overwatch,Juno | New Hero Gameplay Trailer | Overwatch 2,PlayOverwatch,2024-07-18T16:00:22Z,2537855,73366,8232,YouTube
ivDAI-FXMH4,Overwatch,Lifeweaver | New Hero Gameplay Trailer | Overwatch 2,PlayOverwatch,2023-04-04T16:00:22Z,2457587,73366,8247,YouTube
AQfRHycUsmQ,Overwatch,Mauga | New Hero Gameplay Trailer | Overwatch 2,PlayOverwatch,2023-11-03T18:23:19Z,2443813,77697,8309,YouTube
wqhzV2UdN7g,Overwatch,Every Ability DELETED From Overwatch,The WatchOver,2024-06-28T23:45:26Z,2431582,63111,3926,YouTube
0tooiD1mqXY,Overwatch,Doomfist’s Ultimate is Weird,Marblr,2024-09-11T17:12:24Z,2565193,173010,550,YouTube
GvzXq5LGfeU,Overwatch,HOW TO pick your ROLE in Overwatch 2.,blouns,2023-06-05T17:30:01Z,2771726,123155,1732,YouTube
ZwXkG_cN_fg,Overwatch,Luka Doncic Randomly Appears on OVERWATCH 2 Twitch Stream!!,Fish Think Fingers Are Food,2023-03-08T04:15:06Z,2023417,37296,2416,YouTube
_Uc-kExqwd4,Overwatch,Kiriko | New Hero Gameplay Trailer | Overwatch 2,PlayOverwatch,2022-09-15T09:26:00Z,2012995,65164,4639,YouTube
GW1lrKa2Xrc,Overwatch,le sserafim playing overwatch 2 in a NUTSHELL *a mess*,mingadnis,2023-11-11T11:45:02Z,2011303,63122,1265,YouTube
fwf3HlsIYv8,Overwatch,Can 1 Top 500 Hanzo defeat 5 Bronze Players?! (Overwatch 2),Jay3 Two,2023-04-08T17:04:54Z,1998672,39050,1198,YouTube
oA2DanAqwBo,Overwatch,Educational Unranked To GM1 TRACER (100% Winrate),Awkward,2023-04-21T18:49:39Z,1930591,27930,1745,YouTube
nWEpjzgMqyU,Overwatch,[NOW PLAYABLE] Sigma | Overwatch,PlayOverwatch,2019-08-13T18:18:50Z,1912713,66572,5157,YouTube
qznADKrbmHk,Overwatch,When Doomfist was a DPS hero | Overwatch 2,Flats Two,2023-11-10T04:00:30Z,2169611,103444,1216,YouTube
P4xib7TkDMQ,Overwatch,The Devs Overcooked Symmetra&#39;s Perks - Overwatch 2,NoobHunter,2025-02-13T20:00:14Z,2002875,55690,906,YouTube
dQPBAMmumq0,Overwatch,Overwatch VS Marvel Rivals 👀 Ultimate Voice Lines,nikimii,2025-02-26T11:30:33Z,2432833,85278,2885,YouTube
nZPNrIB00xE,Overwatch,Improve your aim with these settings,FACEIT Overwatch,2025-06-26T14:25:25Z,3303911,105888,485,YouTube
SdsuAVZs-2Q,Overwatch,"Console players, what do you think this is? | Overwatch 2",Flats,2023-10-16T20:16:02Z,1779935,91277,1509,YouTube
r8k0eQ2yjns,Overwatch,Junker Queen Gameplay Trailer | Overwatch 2,PlayOverwatch,2022-06-21T16:05:34Z,1581302,61604,3983,YouTube
8zvsRsX0YOI,Overwatch,The My Hero Academia x Overwatch 2 Collaboration is now out - here’s a first look.,Pog,2024-10-18T04:04:51Z,1850156,97859,1209,YouTube
7Sk6japTBF4,Overwatch,Roadhog the Silver fisherman 💀 #overwatch2 #gaming #overwatchclips #overwatch #ow2,SUSwatch,2026-05-21T01:52:24Z,2383779,74597,899,YouTube
JF6tLqe_FSA,Overwatch,Venture | New Hero Gameplay Trailer | Overwatch 2,PlayOverwatch,2024-03-27T16:00:14Z,1266319,46056,7844,YouTube
Qv0IBIsDxZc,Overwatch,The MEKA Squad Pilots | Overwatch Lore #shorts  #overwatch2  #overwatch  #dva,roysama_gg,2023-02-19T16:00:24Z,1400519,87666,767,YouTube
N8Sgnn72e9Y,Overwatch,"Overwatch 2026 Spotlight | New Heroes, Cosmetics, Gameplay Updates, &amp; More",PlayOverwatch,2026-02-04T18:00:06Z,1235731,74319,9781,YouTube
5fbLCBTTbTw,Overwatch,TIERLIST des PERSOS les plus RACISTES d&#39;OVERWATCH,Peurle,2022-12-31T15:39:33Z,1242222,64256,798,YouTube
J36nAD1pj3Y,Overwatch,Genji&#39;s skill floor is astronomical now compared to...this | Overwatch 2,Flats Two,2023-10-18T04:36:25Z,1309903,68570,372,YouTube
99K4zM8z_SQ,Overwatch,Pay To Lose Nier: Automata 2B Skin Collaboration #Overwatch #gaming,SunflowerSprout,2026-03-11T02:42:20Z,1788798,50177,625,YouTube
1qEFKUqlSfQ,Overwatch,New Perks Bought Back Overwatch 1 #overwatch2,NoobHunter,2025-08-23T16:00:04Z,2009472,33108,599,YouTube
iXAI_yTVflA,Overwatch,Somehow Overwatch returned,zanny,2026-02-21T20:30:11Z,1061718,47877,1578,YouTube
_BDPjfR9SL0,Overwatch,I Spent a Week Playing Support to See if it&#39;s OP in Overwatch 2,kraandop,2024-09-21T17:07:35Z,1046976,23523,769,YouTube
lkTHRdZzl1o,Overwatch,Overwatch 2 Gameplay (No Commentary),Orbital Gameplay,2022-10-05T16:25:41Z,1043385,6025,244,YouTube
YHgcbhQ0x-c,Overwatch,O RETORNO DE NEXTAGE! - OVERWATCH COM OS AMIGOS,alanzoka,2026-02-11T15:00:00Z,1033959,57857,1154,YouTube
V0mg3HvsjEg,Overwatch,3 TIPS to Improve your Genji Gameplay! #Overwatch2,Fextralife,2023-01-13T14:00:18Z,1097382,67370,314,YouTube
VQ6Uv2o_d-8,Overwatch,Overwatch 2 x Cowboy Bebop | Gameplay Trailer,PlayOverwatch,2024-03-11T16:00:03Z,1011426,40302,3223,YouTube
lxz-055QD6Q,Overwatch,Summit Breach | Sierra Hero Trailer | Overwatch,PlayOverwatch,2026-04-08T16:00:06Z,926603,46017,3666,YouTube
sBtP5P5upXg,Overwatch,Every Genji Combo | Overwatch 2,Breezy,2024-03-29T19:00:28Z,1449964,36321,128,YouTube
HhgBXyII8Fw,Overwatch,I Spectated A Bronze Soldier Who Thought He Was In ELO HELL,Flats,2024-10-01T15:00:18Z,824643,19858,1262,YouTube
vGtwJJKVEz4,Overwatch,Overwatch Rank 1 Genji Shadder2k Showing His Gameplay Skills -POTG-,Overwatch Pro Players Reloaded,2020-11-29T22:04:02Z,785810,10141,225,YouTube
C6ZEN5MVJaU,Overwatch,Wuyang | New Hero Gameplay Trailer | Overwatch 2,PlayOverwatch,2025-08-13T16:00:06Z,773273,31041,3382,YouTube
l1lby4lXeLw,Overwatch,O jogador que mais jogou overwatch 2,Sev7n Games OFICIAL,2025-03-17T19:15:02Z,870271,105997,654,YouTube
-6_-VcHIPnQ,Overwatch,PRO Overwatch player Spectates Gamin4Hope,Apply,2025-06-13T21:00:01Z,744928,20263,2202,YouTube
KXx81Ob8h_s,Overwatch,DOMINA Has A RARE &#39;Hello&#39; VOICELINE In Overwatch #shorts #overwatch #overwatch2 #ow2 #ow,MixedFreight,2026-02-13T22:30:05Z,923998,60079,611,YouTube
uYr_VeNQBuo,Overwatch,1 Hr on Mercy vs. 1000 Hrs on Mercy 🔥,PlayOverwatch,2025-03-12T19:00:35Z,990425,44381,354,YouTube
9LgFFyqsaek,Overwatch,I Spent 30 DAYS Learning Doomfist To Prove He&#39;s The HARDEST Tank,yeatle,2025-09-30T18:07:34Z,697715,23451,615,YouTube
jAQ4bfmnxN8,Overwatch,Educational Unranked To GM On KIRIKO (80% Winrate Overwatch 2),Awkward,2022-11-26T20:20:39Z,688753,12019,709,YouTube
WZyKaAWTwXA,Overwatch,Console Overwatch Is The Funniest Thing To PC Players #overwatch2,NoobHunter,2025-07-13T13:30:33Z,1671346,33512,1032,YouTube
qp7APjr1Mic,Overwatch,Illari | New Hero Gameplay Trailer | Overwatch 2: Invasion,PlayOverwatch,2023-08-10T19:00:25Z,680251,23066,1961,YouTube
c3guhZL477Q,Overwatch,Vendetta | New Hero Gameplay Trailer | Overwatch 2,PlayOverwatch,2025-11-20T17:00:58Z,682899,32273,4710,YouTube
gojQHSdKxHI,Overwatch,Sierra | New Hero Gameplay Trailer | Overwatch,PlayOverwatch,2026-04-09T16:01:09Z,667870,28912,2826,YouTube
GM85xnXH6JQ,Overwatch,Freja | New Hero Gameplay Trailer | Overwatch 2,PlayOverwatch,2025-03-21T16:00:07Z,647002,21174,2125,YouTube
UO6gGCKJzjI,Overwatch,Season 2: Summit Official Trailer | Overwatch,PlayOverwatch,2026-04-13T17:00:43Z,645408,32447,2771,YouTube
E9tUpO0BTQY,Overwatch,Stadium Gameplay Trailer | Overwatch 2,PlayOverwatch,2025-04-14T16:00:06Z,617915,28748,2935,YouTube
ZP-Pay0xrmY,Overwatch,DOMINA Has A RARE &#39;Sorry&#39; VOICELINE In Overwatch #shorts #overwatch #overwatch2 #ow2 #ow,MixedFreight,2026-02-27T22:30:13Z,694268,42963,276,YouTube
q6f2Neu01NE,Overwatch,I Couldn&#39;t Stop Stream till I got Champion on Vendetta,kraandop,2026-02-01T18:20:32Z,561223,17309,399,YouTube
aKR-7k-AZQ4,Overwatch,Overwatch 2 x Street Fighter 6 | Gameplay Trailer,PlayOverwatch,2025-05-19T16:00:06Z,545138,22541,2419,YouTube
UP-Oe-XMahk,Overwatch,OVERWATCH.EXE,IcemanBry,2026-02-19T17:30:14Z,541131,28059,467,YouTube
IBXYnAihNC0,Overwatch,POV: You&#39;re The #1 Genji In Overwatch 2 | GAMEPLAY,Necros,2023-05-18T18:07:55Z,531497,9116,203,YouTube
_PX0Ym1IkDY,Overwatch,Unranked to Champion but I only COUNTER SWAP the ENEMY TANK (Part 1 - Placements),Omzhh,2025-07-29T16:00:53Z,506933,7949,289,YouTube
nx2Lcliy6PA,Overwatch,What a Top 20 Reaper looks like in Overwatch 2,ChoiceOW,2024-04-02T21:31:17Z,500067,9720,275,YouTube
Oji19FJjP74,Overwatch,Season 1: Conquest Official Trailer | Overwatch,PlayOverwatch,2026-02-05T18:30:14Z,485463,25723,2271,YouTube
HKkgVgxpGAY,Overwatch,This new Widowmaker Perk is like CHEATING in Overwatch,TheRealKenzo,2026-02-13T21:11:30Z,477718,14171,484,YouTube
NuARNMY5KvY,Overwatch,The Newest OW Support has a Very Niche Combo (Wuyang),Some Sea,2025-08-19T20:32:10Z,672995,28935,307,YouTube
xQ1Ti4sOhEE,Overwatch,3 TIPS to Improve your Junkrat Gameplay! #Overwatch2,Fextralife,2023-01-12T13:00:37Z,521845,29064,200,YouTube
OMowN17RLSs,Overwatch,VO vs VF sur OVERWATCH qui GAGNE ?,Peurle,2024-07-21T15:21:03Z,513926,30277,239,YouTube
p8wQ45GXTsg,Overwatch,I Spent 7 Days Learning Freja to See Why Everyone Hates Her,Warn,2025-06-09T18:52:19Z,456910,8970,204,YouTube
NECCvscWXEI,Overwatch,Every Tracer Combo | Overwatch 2,Breezy,2024-04-20T18:00:15Z,726216,16464,111,YouTube
FcjgyaXUUbA,Overwatch,Bro mastered Junkrat #overwatch2 #gaming #overwatchclips #overwatch #ow2,SUSwatch,2026-05-17T07:00:09Z,792618,14807,314,YouTube
EHuAfTfWBS0,Overwatch,Quel est le MEILLEUR SKIN de GENJI ?,Peurle,2023-08-15T16:56:19Z,462760,33544,250,YouTube
7Gm_1fnPwk8,Overwatch,Professional lurker #overwatch2 #gaming #overwatchclips #overwatch #ow2,SUSwatch,2026-05-17T17:00:08Z,805061,8797,71,YouTube
6mD97jqdDjw,Overwatch,Valorant VS Overwatch (Best Ultimate Voicelines),Rem,2024-10-28T19:40:36Z,432478,16817,365,YouTube
fa9myF4xm8w,Overwatch,Overwatch Spotlight | 5 New Heroes,PlayOverwatch,2026-02-04T19:19:06Z,383094,11647,1691,YouTube
Id5bIgpC8OQ,Overwatch,NEW HERO: Mizuki Ability Breakdown | Overwatch Spotlight,KarQ Archives,2026-02-04T21:56:15Z,369294,7396,534,YouTube
u8ILTFsCnbE,Overwatch,I Spectated The WORST Bronze Tank I&#39;ve Ever Seen In Overwatch,Flats,2026-04-01T15:08:39Z,370648,12550,741,YouTube
1kJ5dgVFRWg,Overwatch,3 TIPS to Improve your Cassidy Gameplay! #Overwatch2,Fextralife,2023-01-14T16:00:00Z,442688,29240,166,YouTube
7c9GKVvEAtI,Overwatch,ranking all 5 new overwatch heroes #overwatch #gaming,Royall,2026-02-11T21:05:12Z,596600,19958,472,YouTube
X_q9JoVcImI,Overwatch,Overwatch 2 x NERF | Gameplay Trailer,PlayOverwatch,2025-08-04T16:00:06Z,355884,16054,1448,YouTube
Jxli-VIX8fw,Overwatch,5 New Heroes Gameplay Trailer | Season 1: Conquest | Overwatch,PlayOverwatch,2026-02-09T17:00:29Z,357624,17810,1672,YouTube
9mV9UR2KMx0,Overwatch,OVERWATCH ... For Noobs (10 Years Later),Macro,2026-02-17T16:00:15Z,348159,15602,826,YouTube
Mrldi3WV1XQ,Overwatch,Hunting patiently #overwatch2 #gaming #overwatchclips #overwatch #ow2,SUSwatch,2026-05-18T13:15:07Z,593840,9123,138,YouTube
tMs9ngfQw4Q,Overwatch,xQc Is Still Cracked At Overwatch,xQc,2024-07-30T18:00:30Z,338303,6533,423,YouTube
Bq_pByuUkUM,Overwatch,Quel est le MEILLEUR SKIN de ZENYATTA sur OVERWATCH,Peurle,2024-02-23T15:56:00Z,395389,24488,124,YouTube
CS-hiY9EysU,Overwatch,Educational Unranked To GM CASSIDY (93% Winrate),Awkward,2025-10-11T18:00:10Z,328505,6285,444,YouTube
2u7GGZxTjn0,Overwatch,TIERLIST d&#39;OVERWATCH en fonction des RÉPLIQUES d&#39;ULT spécial DPS,Peurle,2024-07-09T15:52:49Z,394086,22896,139,YouTube
SJ7vzN0NzjY,Overwatch,Jetpack Cat | New Hero Gameplay [Gibraltar] | Overwatch,WellPlayed,2026-02-04T18:57:09Z,324341,7694,990,YouTube
ezAUTBfH9aw,Counter Strike 2,Counter-Strike: Zombie Escape Mod - ze_THELOSTWORLD_BF on Old Ones,GamingRevenant,2019-09-01T09:00:08Z,44245991,207426,1768,YouTube
yrrmhlfthkA,Counter Strike 2,when you download hacks for counter strike,skibidi,2023-01-31T19:13:12Z,45804442,1408690,5034,YouTube
Iwu3L5OXWzM,Counter Strike 2,counter strike sigma,skibidi,2023-02-19T23:03:46Z,26473819,950245,2642,YouTube
HbqedccA70Q,Counter Strike 2,Top 5 best funny Moments in CS2 😂 #cs2 #csgo #funnyclips #cs2memes #gaming,Park Dip,2025-07-26T11:16:31Z,36578757,0,1282,YouTube
VX0upuXG3Bs,Counter Strike 2,When The UNEXPECTED Happens..💀,Virre CS2,2024-09-26T16:40:53Z,21427252,540731,2394,YouTube
FOvuOEtZx9o,Counter Strike 2,Clicking goes two ways,ESL Counter-Strike,2025-04-07T11:30:08Z,38595447,788622,756,YouTube
Z3wvMKUflvk,Counter Strike 2,Playing CS2 during Work,Tradeit,2023-09-16T17:00:16Z,17085353,354514,2677,YouTube
DcMfZqd6Z48,Counter Strike 2,CURSED SHOTGUNS,LICHTENSTEIN,2024-04-16T18:19:46Z,15948319,781129,8372,YouTube
b0eUTZv6TT8,Counter Strike 2,CS2 VS CSGO PLAYERS,Lobanjica LIVE,2024-05-23T21:59:09Z,16763634,638399,3421,YouTube
l46mmRk9Yvs,Counter Strike 2,Amazing C4 bomb details in Counter-Strike,GameLight,2023-03-27T08:00:18Z,14761218,610463,4126,YouTube
xQf83U_l2yA,Counter Strike 2,"POV: Dad, what does this GRAFFITI mean? 👴🏻#cs2 #csgo #cs #counterstrike #coldzera #flying #awp",Much Clutch CS2,2025-09-29T00:37:02Z,29146211,505255,2899,YouTube
y61QfN-BBw8,Counter Strike 2,CS2 Details vs CS:GO,HS Top,2023-11-06T15:19:03Z,14232354,525060,3936,YouTube
QUEb8EJ5JKM,Counter Strike 2,What new features did CS2 Beta bring to the players?,HS Top,2023-09-16T11:19:27Z,13200780,486722,3740,YouTube
cIzzDUk_Dg0,Counter Strike 2,CS2 Physics vs CS:GO,HS Top,2023-10-21T13:17:19Z,13019901,380426,1442,YouTube
SeBO7JoruFA,Counter Strike 2,Counter-Strike 2 Looks AMAZING,Greenskull,2023-10-01T23:17:38Z,12205012,612672,5233,YouTube
HlnmHdyvlQs,Counter Strike 2,Counter-Strike 2 HACKS IN-GAME?!,theScore esports,2023-03-29T23:00:11Z,12171838,535371,2238,YouTube
YdKJObPIu_Q,Counter Strike 2,Neymar perfect clutch in CS2?,SkinsMonkey,2024-09-27T16:13:04Z,15123343,605044,1788,YouTube
o1vkQPeJybk,Counter Strike 2,Counter-Strike: Zombie Escape Mod - ze_Random_Escape_v1 [NEW MAP] [4K],Dark Professional,2020-03-08T11:00:14Z,10461513,120516,2598,YouTube
5I2O1fMGX6I,Counter Strike 2,CS:GO vs CS2,HS Top,2023-04-21T13:52:07Z,9571135,327371,3502,YouTube
sKmp-xthUP0,Counter Strike 2,PLAYING CS:GO THEN vs NOW,matty1337,2022-08-31T21:28:54Z,9235925,414673,7035,YouTube
tbouStVExOc,Counter Strike 2,Confusing the other team in CS2,Duality,2024-10-11T16:24:44Z,11236937,567637,1066,YouTube
P9ClNDqMt0Y,Counter Strike 2,CS2 VS CS Source 👉 Details that are not in CS2,GameLight,2023-04-12T06:54:24Z,7528805,242900,2121,YouTube
snT-k4pocbQ,Counter Strike 2,the WEIRDEST VIDEOGAME GUNS... #shorts #gaming #gamingshorts #cs2 #funfacts #gamingvideos #csgo,Strider,2025-06-03T02:22:20Z,14300427,311988,1452,YouTube
nV4Gfpb6qUQ,Counter Strike 2,Pro CS2 Player Teaches Spray Control to Viewer,CooperTV,2024-08-05T05:36:39Z,7644937,419853,1701,YouTube
5X0HjbmDDrU,Counter Strike 2,This Molotov Started The Greatest COMEBACK in CS2! #cs2,FaZe Esports,2024-08-23T18:50:35Z,8078044,279643,881,YouTube
8G2AfbucPHw,Counter Strike 2,"CS2 Indonesia - Chef, Ivan Clutch, Random Jawa",MILYHYA,2025-03-26T13:45:06Z,6382875,165370,8607,YouTube
L98HzYze6AM,Counter Strike 2,Everything has to be perfect for ropz,ESL Counter-Strike,2025-08-09T10:00:37Z,14147427,193778,1393,YouTube
AvkjKP5jYx8,Counter Strike 2,🧐 Сравниваем Реализм CS2 с CSGO,VaGa,2023-04-20T11:00:11Z,5984331,205126,2053,YouTube
fzmzXrhpkZM,Counter Strike 2,Amazing HEADSHOT details in Counter-Strike,GameLight,2023-03-26T08:00:28Z,6540101,203307,1252,YouTube
xK0OaBmu4po,Counter Strike 2,THE ONE TAP GOD IN CS2,ESL Counter-Strike,2023-04-03T15:00:42Z,5855816,158340,1870,YouTube
LfX-3tz2Q3w,Counter Strike 2,Top 5 best funny Moments in CS2 😂 #cs2 #gaming #cs2memes #funny,Park Dip,2025-10-23T15:46:32Z,9635708,0,300,YouTube
1Bnd1PEuXw4,Counter Strike 2,😉Как правильно играть в CS2 на Steam Deck👍,iBukreev,2024-02-25T19:27:46Z,6080514,161361,4074,YouTube
ph0ACrypLdA,Counter Strike 2,Why Are CS2 Pros Doing This? 🤔,PythonCS,2025-04-16T20:27:05Z,9429295,157447,1082,YouTube
-_v7vuqJ1xg,Counter Strike 2,Roblox CS2 is insane 😳,ohnepixel raw,2025-10-17T20:08:50Z,8163823,208568,653,YouTube
j-EnpJ0OSxc,Counter Strike 2,NiKo didn&#39;t have to do him like that 😭,ESL Counter-Strike,2024-08-15T09:15:04Z,5595481,217847,353,YouTube
vnrARi3K8k8,Counter Strike 2,CS2 Beating Valorant,Tradeit,2023-08-19T17:00:37Z,4701925,205306,7637,YouTube
koH37v85yZo,Counter Strike 2,Too much training in CS2...,SkinsMonkey,2024-07-13T15:42:09Z,4728109,260876,1604,YouTube
G9sJ7NCR-lM,Counter Strike 2,markeloff vs SK.swe (ESWC 2010 Final),Ancient CS,2019-06-26T07:37:54Z,4422737,33560,2086,YouTube
9ywds00Bsko,Counter Strike 2,Este Chico GANÓ una PARTIDA de Counter Strike en 2 SEGUNDOS | #shorts,Ribdost,2025-01-09T13:17:57Z,6084632,345929,1069,YouTube
I-FG5jhIqnk,Counter Strike 2,Big vs Small Models in CS2,NadeKing,2025-06-04T12:45:03Z,8761342,124008,291,YouTube
RAkQAP-HCRM,Counter Strike 2,"CS 2 - ОЧЕРЕДНОЕ ПОДТВЕРЖДЕНИЕ, что эта Игра 💩",Альбертович Научит,2025-06-16T09:42:19Z,7632502,157310,4457,YouTube
92ndJs-1Bgk,Counter Strike 2,Amazing Hostage details in Counter-Strike,GameLight,2023-07-22T06:40:54Z,4377286,181982,1005,YouTube
EOKpZkHunYY,Counter Strike 2,Counter-Strike 2...,matty1337,2023-03-24T14:09:04Z,4194642,160083,2578,YouTube
XtVDrt8uJiw,Counter Strike 2,My First Counter-Strike 2 Experience,SMii7Yplus,2023-04-28T16:00:32Z,3909970,121367,1459,YouTube
eYn2bbzs4jA,Counter Strike 2,Indian living in USA 🇮🇳 #cs2 #csgo,propernator but worse,2025-07-10T14:08:21Z,6896303,255192,1960,YouTube
NbJIbdcLn6M,Counter Strike 2,How Counter-Strike Took Over My Life,NakeyJakey,2025-05-17T01:41:03Z,3578123,158868,11739,YouTube
CFH_mTW8Sk4,Counter Strike 2,Counterstrike 💀 #dorozea  #twitch #clips,Dorozea,2025-01-21T15:00:16Z,4172617,118859,605,YouTube
-mvL_3j8Pkw,Counter Strike 2,Counter-Strike 2 | RTX 4090 24GB ( 4K Maximum Settings ),GTX 1050 Ti,2023-03-26T14:30:00Z,3523146,32458,1737,YouTube
pABzOvBZj3Y,Counter Strike 2,Classic Russians in CS2,Dorozea,2025-03-18T15:01:18Z,7117547,132878,5831,YouTube
QTUijaWLok4,Counter Strike 2,They are not cheating... #twitch #d0cc_tv #cs2 #counterstrike2 #csgo,d0cc two,2025-02-28T22:50:09Z,6101185,243202,694,YouTube
yUfaGX-Ms58,Counter Strike 2,Turning counter strike 1.6 to real life..what game should I do next? #counterstrike #pcgames #shorts,Realiscend,2025-01-25T21:17:22Z,4502470,191983,1323,YouTube
Dhg-IWM1qzU,Counter Strike 2,this inventory is worth $5 MILLION!!,CAZE GAMING,2023-05-23T20:53:33Z,4270004,125088,1163,YouTube
tucvKpTSNEM,Counter Strike 2,Counter-Strike 1.6 Retro Inferno Gameplay #cs2 #cs16 #csgo #retrogaming #retrogames #counterstrike,OldSchoolRigs,2025-07-30T15:03:31Z,7977946,125035,2648,YouTube
Tn0BvjKby8o,Counter Strike 2,My skills in CS2... are incredible,SkinsMonkey,2024-06-14T09:15:01Z,4471018,156603,1841,YouTube
KY3GG6spaY0,Counter Strike 2,1 HOUR OF CURSED WEAPONS IN CS,LICHTENSTEIN,2024-03-28T13:34:19Z,2883892,61804,3559,YouTube
jcGr5jSRS48,Counter Strike 2,Why Are Pros Buying THIS in CS2? 🤔,PythonCS,2024-06-17T16:43:25Z,3547215,122023,1185,YouTube
nLYAqV8Wnxc,Counter Strike 2,Counter Strike 2 is Dumb,SMii7Y,2023-11-04T22:00:18Z,2873277,96798,1173,YouTube
gmxEua54YRg,Counter Strike 2,The 2 Sides of Every German 💀🇩🇪,Dorozea,2025-01-13T13:01:00Z,3817391,168347,2706,YouTube
Yhmrxsieg-o,Counter Strike 2,Counter-Strike Evolution (1999-2026) | 25 Years of INSANE Graphics Changes,Ultimate Gaming Zone,2025-05-17T12:27:31Z,2723239,24729,2053,YouTube
n1mRA3VliKs,Counter Strike 2,Rompí El Mercado de CS2 (UNBOXING MASIVO),Rubius Z,2025-10-27T17:38:22Z,2694402,117644,1156,YouTube
nSE38xjMLqE,Counter Strike 2,Counter-Strike 2 - Launch Trailer,Valve,2023-09-27T20:43:52Z,2683154,128976,12686,YouTube
wzwc2MeP5qc,Counter Strike 2,Even NEYMAR Knows CS2 IS COOKED,theScore esports,2024-08-11T14:00:47Z,2537956,192152,529,YouTube
w_5cVYPSq40,Counter Strike 2,"I played CS2&#39;s kid version, but I got ADMIN SKINS (ROBLOX)",ohnepixel,2024-05-22T18:34:31Z,2489011,44585,1061,YouTube
tPpB4DSeENA,Counter Strike 2,XANTARES PEEK,ESL Counter-Strike,2024-09-08T11:48:00Z,3244248,82599,416,YouTube
dOnOFehBSuc,Counter Strike 2,Counter Strike 2 is Dying BUT it&#39;s because of this...🏄 #shorts,Bundun,2023-05-12T15:00:33Z,2601587,123825,1435,YouTube
ubBrNqEnCn4,Counter Strike 2,Ranking The Funniest CS2 Moments 😭,BigFootNOSKILL,2025-10-25T23:54:40Z,4274628,149986,680,YouTube
AVbn4eleGGA,Counter Strike 2,CS2 Pro Players vs DONK,SkinsMonkey,2025-08-24T00:28:19Z,4071302,114985,1231,YouTube
OAHpDWIWP_A,Counter Strike 2,I Played Counter Strike 2 on the PS4. It&#39;s as bad as it Sounds.,Bringus Studios,2023-11-22T14:00:26Z,2287331,53888,1391,YouTube
j5Nl7Zt7xbA,Counter Strike 2,FURIA vs. Team Falcons - PGL Astana 2026 - Playoffs: QuarterFinal 4,PGL,2026-05-15T21:21:13Z,2252249,20200,134,YouTube
yffviNGmhyQ,Counter Strike 2,Counter Strike 2 jadi se-HD ini. #counterstrike2 #counterstrike,okemudin,2023-10-06T04:00:15Z,2222974,110100,1166,YouTube
jq0Mp5ZscS4,Counter Strike 2,CS2 with RTX On,stanley murasakie,2025-01-19T05:01:15Z,2200569,60429,2537,YouTube
XBAdaGUFjlI,Counter Strike 2,OS PIORES JOGADORES DE CS DO MUNDO! - COUNTER STRIKE 2 COM OS AMIGOS,alanzoka,2024-05-26T15:00:32Z,2185166,68147,565,YouTube
vQg1PVfztVc,Counter Strike 2,Top 5 best funny Moments in CS2 😂 #cs2 #csgo #cs2memes #funnyclips #gaming,Park Dip,2025-07-16T11:48:24Z,3750955,100579,249,YouTube
Gd8LGj7aud8,Counter Strike 2,Why Did Valve Remove Factions in CS2?,Sock Man,2025-07-05T13:00:27Z,3355979,83006,2108,YouTube
-HKbWY37ycU,Counter Strike 2,Top 5 best funny Moments in CS2 😂#cs2 #csgo #funnyclips #cs2memes,Park Dip,2025-07-14T12:52:45Z,3547669,121804,331,YouTube
eDc50hU56eI,Counter Strike 2,this CS2 crosshair is insane 😳,ohnepixel raw,2025-10-10T12:34:17Z,4218772,68651,459,YouTube
nNU5_DlSfaw,Counter Strike 2,Why Pros Are Doing THIS in CS2… 😱,PythonCS,2025-10-14T03:30:55Z,3492553,59599,254,YouTube
WVbeZpIiz0U,Counter Strike 2,BİR ESPORCU NASIL DÜŞÜNÜR 3 - Clutch Masterclass #cs2 #csgo #counterstrike2 #counterstrike  #hatex,hatexfps,2024-06-08T12:03:37Z,2431297,54988,563,YouTube
D995qqJ2zAY,Counter Strike 2,El *NUEVO BUG* de Counter Strike 2 🤯,Eruby,2025-08-15T16:07:03Z,4248654,110250,197,YouTube
-bKjIry_eiE,Counter Strike 2,Sprint Update in CS2,Tradeit,2025-04-19T11:00:01Z,4220995,59069,425,YouTube
pMXjsO3NE6w,Counter Strike 2,Stop Doing This! Ropz CS Aim Tips 🎯 #cs2 #aimbot,FaZe Esports,2024-06-29T19:16:48Z,2912570,52129,278,YouTube
s5jx_uzGRzc,Counter Strike 2,SHROUD CLIMBS TO THE TOP OF COUNTER STRIKE 2,shroud,2023-11-10T18:17:29Z,1797496,31058,854,YouTube
KclSn6AP18I,Counter Strike 2,donk 5300 ELO FACEIT !! 😱,DH CS2,2025-03-23T00:40:53Z,3022514,62411,372,YouTube
Wv8uwgndxn8,Counter Strike 2,How to MASTER CS2 like donk - The Setup,ESL Counter-Strike,2024-09-09T15:00:35Z,1781443,42338,1052,YouTube
2RTXsCZXvMs,Counter Strike 2,How do they know?,ohnepixel raw,2026-05-13T08:57:15Z,3864777,108759,481,YouTube
QVctog5F_jY,Counter Strike 2,Counter Strike 2 Ranked Gameplay 4K (No Commentary),Hytron,2024-04-24T13:00:32Z,1738980,15665,368,YouTube
4qEdIXLdxMo,Counter Strike 2,1 in a Million CS2 Moments,Virre CS2,2024-10-09T15:20:36Z,1703859,22606,323,YouTube
s9kb7_k8Wlc,Counter Strike 2,Counter-Strike 1.6 - cs_assault PC Gameplay (1080p60fps),igcompany,2021-02-12T13:29:51Z,1690935,12184,851,YouTube
1LDl473fG8E,Counter Strike 2,HOW TO PLANT CORRECTLY ON DUST 2 #shorts #cs2,Gold Cs Nades,2024-08-30T06:00:01Z,1732285,63433,163,YouTube
YnPMPTu8Ypo,Counter Strike 2,"BLAST Open Rotterdam 2026, Day 4 - NIP vs Liquid, MOUZ vs 9z, PARI vs Spirit, MongolZ vs Vitality",BLAST Premier,2026-03-22T00:12:40Z,1670097,12277,44,YouTube
kIm6tcTKiAc,Counter Strike 2,get perfect accuracy in cs2 like this,fl0m,2023-09-20T16:00:42Z,2065250,67486,639,YouTube
k4uLbGkm6Ls,Counter Strike 2,CS2 POV | DONK ON FIRE🔥 60 KILLS! Faceit Ranked (DUST2) Voicecomms 60-27,Siez CSGO,2024-07-14T13:59:26Z,1666603,15217,589,YouTube
iWIx3DCs1tU,Counter Strike 2,EWC 2025 CS2 - The MongolZ vs Vitality - BO3 - MN cast,Meta,2025-08-23T18:00:20Z,1604135,40573,312,YouTube
sfNRYCWnbJk,Counter Strike 2,Team Spirit vs. Team Falcons - PGL Astana 2026 - Playoffs: Grand Final,PGL,2026-05-17T15:42:45Z,1589961,17407,237,YouTube
QOpIu4o-Vhk,Counter Strike 2,CS2 Dust 2 - The BEST Smoke for LONG DOORS! #cs2 #counterstrike,CS Tactics,2024-05-20T15:06:49Z,1781783,53954,232,YouTube
W32Awnh1q4Q,Counter Strike 2,IEM Atlanta 2026 - Day 6,ESL Counter-Strike,2026-05-17T22:35:25Z,1488419,13356,60,YouTube
MCLMybGEF9Q,Counter Strike 2,this update ruined CS2 😳,ohnepixel raw,2026-03-19T18:11:17Z,2514412,72522,2305,YouTube
P22HqM9w500,Counter Strike 2,CS2- 33 Kills On Dust 2 Competitive Full Gameplay #9! (No Commentary),Kryptek Muted,2024-01-04T00:12:41Z,1459002,12353,429,YouTube
ZNLwBYvHH3k,Counter Strike 2,IEM Atlanta 2026 - Day 1 - Stream A,ESL Counter-Strike,2026-05-12T01:27:54Z,1421334,13030,41,YouTube
1v7pr5frY9w,Counter Strike 2,BEST ZOMBIE KILLER GUN IN SFG2? 🤔 SPECIAL FORCES GROUP 2 ZOMBIE MODE GAMEPLAY,SFG PROGAMER,2023-05-18T13:01:22Z,1362299,7297,141,YouTube
aR-KAldshAE,League of Legends,Warriors | Season 2020 Cinematic - League of Legends (ft. 2WEI and Edda Hayes),League of Legends,2020-01-09T12:00:16Z,173341944,2966675,119669,YouTube
TFzkbos0oeo,League of Legends,You Really Got Me | Cinematic Trailer - League of Legends: Wild Rift (ft. 2WEI),League of Legends: Wild Rift,2020-10-28T05:30:00Z,74443580,1125016,40219,YouTube
jNn2F39G-6s,League of Legends,Fiddlesticks: Terror in Demacia | Champion Update Trailer - League of Legends,League of Legends,2020-03-13T17:00:17Z,14374123,491900,18314,YouTube
sDvVuTdlpT0,League of Legends,League Of Legends Warriors 🔥💀| #shorts #leagueoflegends #gaming #viralshorts,For Gamerz,2024-11-05T16:09:01Z,15010400,0,3396,YouTube
3ANAlImOUcM,League of Legends,Rocket League Different RANKS Gameplay #shorts #rocketleague #rlfunny,WASDCommunity,2024-06-01T14:00:05Z,13625539,194386,1278,YouTube
HTRt7xT93Dk,League of Legends,Nasus.exe,Chilling Smite,2021-01-17T15:51:30Z,8877183,203417,3179,YouTube
8KchjkSoK9c,League of Legends,FIZZ 104 KILLS (WORLD RECORD),Godzu,2020-09-07T20:54:56Z,8027717,165016,4469,YouTube
pNjWjwae-us,League of Legends,Official Gameplay Trailer | League of Legends: Wild Rift,League of Legends: Wild Rift,2020-10-28T05:30:02Z,7388772,74382,5138,YouTube
razegNs-BVo,League of Legends,DUO con RUBIUS (SOMOS la PEOR BOTLANE de EUROPA),Ibai,2020-02-26T16:22:41Z,6968433,248570,5999,YouTube
vk1HfU6ZkEc,League of Legends,La del oso no falla #akali #annie #gamergirl #leagueoflegends,Annie,2023-10-13T18:09:08Z,6961549,216582,1378,YouTube
2ndHP4AI3EU,League of Legends,Mobazane Reaction to Kairi  Lance #mobazane #kairi #lancelot #onic #msc #shorts #mlbb #mobilelegend,Beast,2023-06-17T11:54:29Z,7521406,206807,724,YouTube
cM6yczkVDKU,League of Legends,The 1 LUX MECHANIC that NOBODY KNOWS! - League of Legends #shorts,Skill Capped Challenger LoL Guides,2023-06-18T18:30:37Z,6060479,251686,1451,YouTube
hjPS3j5XNss,League of Legends,All That Will Ever Be | Bel&#39;Veth Cinematic - League of Legends,League of Legends,2022-05-20T16:44:11Z,5835785,206421,8219,YouTube
S6r5TwgDL4Q,League of Legends,Fiddlesticks Gameplay Preview | League of Legends,League of Legends,2020-03-14T17:00:17Z,5609052,129915,6874,YouTube
uV7CzTj_Mc4,League of Legends,Best Yone Combo Faker 😲 #shorts #FAKER #T1TV #T1WIN #T1Fighting,T1 TV,2022-12-09T13:30:25Z,5729880,122922,571,YouTube
AxRQa0C38Kc,League of Legends,The play you didn’t see 👀,LoL Esports,2024-10-30T07:25:55Z,6471733,169402,1367,YouTube
xdfVomq3lAc,League of Legends,Hall of Legends: Faker,League of Legends,2024-06-14T15:00:58Z,5268447,184622,8263,YouTube
LUlGUTXM49E,League of Legends,Is this Zed Build Normal?,AntunyaLol,2025-01-31T20:00:14Z,7083207,126466,1257,YouTube
r9X7Kchl4Uc,League of Legends,longest seraphine ult - wild rift,Braimix,2021-05-09T08:12:20Z,4248202,103849,579,YouTube
3c1Az3rBopA,League of Legends,Limit testing 😅,LCS,2025-08-02T20:53:22Z,9157320,140865,755,YouTube
Q33tKQd-VWY,League of Legends,Gwen: The Hallowed Seamstress | Champion Gameplay Trailer - League of Legends,League of Legends,2021-03-26T15:42:49Z,3780799,117625,16756,YouTube
FGXvNc-PmNE,League of Legends,A PERFECT USE OF FOG OF WAR! #worlds2024 #leagueoflegends,LoL Esports,2024-11-20T12:39:53Z,5231548,123156,383,YouTube
RCNtHGXOd_w,League of Legends,WATCHING vs PLAYING League of Legends #shorts,jacobweeby,2024-11-15T02:00:15Z,3924038,315161,3861,YouTube
6BDmRjRPDaY,League of Legends,Faker Ascends,LoL Esports,2025-01-03T13:00:08Z,5343306,149745,951,YouTube
6S8ugU_aRqY,League of Legends,INSANE!! DID I JUST 1V4 AS SHACO?! #pinkward #leagueoflegends #shaco,Pink Ward Too,2023-04-08T17:00:06Z,3827660,151685,740,YouTube
mSoGkTxu_FY,League of Legends,A Dark Gambit | 2025 Season 1 Cinematic - League of Legends,League of Legends,2025-04-10T15:01:18Z,3573516,145414,4029,YouTube
kfyDoF658HA,League of Legends,Udyr Gameplay Trailer | League of Legends,League of Legends,2022-08-05T20:00:18Z,3567705,146034,10269,YouTube
DTNwrJGjpxo,League of Legends,Pantheon Gameplay Preview | League of Legends,League of Legends,2019-07-30T15:00:01Z,3410412,84028,6687,YouTube
rtIVxS-rR4E,League of Legends,Faker Arrives,LoL Esports,2024-12-09T13:39:23Z,4491537,121916,685,YouTube
yLNMZt3FvFo,League of Legends,Kai’Sa Champion Spotlight | Gameplay - League of Legends,League of Legends,2018-03-05T18:00:09Z,3184157,36184,2483,YouTube
5sPQiHIA8Y8,League of Legends,ENSEÑO A AURON A JUGAR AL LOL,Ibai,2022-02-24T21:45:41Z,3130811,189096,2637,YouTube
xvUiFUcCpw8,League of Legends,NEVER 1v1 the Best Yasuo in the World...,Protatomonster,2023-07-02T21:00:32Z,3215284,97610,958,YouTube
GcR1_McnJbU,League of Legends,Mordekaiser Gameplay Preview | League of Legends,League of Legends,2019-05-28T17:00:00Z,2980542,58753,6383,YouTube
_JWJgS00hfk,League of Legends,50 ULTRA SATISFYING MOMENTS IN LEAGUE OF LEGENDS,Protatomonster,2024-08-06T14:00:37Z,2982281,26385,235,YouTube
2v3C7y5xu84,League of Legends,Faker&#39;s CLEANEST AHRI Play of ALL TIME! #leagueoflegends,Skill Capped Challenger LoL Guides,2024-09-15T11:30:01Z,3063858,124691,675,YouTube
3U4WdutoYbI,League of Legends,Sylas Champion Spotlight | Gameplay - League of Legends,League of Legends,2019-01-24T18:00:00Z,2751841,43712,3995,YouTube
J_9hL1MMDeM,League of Legends,Arcane Jinx vs Classic Jinx Skin - Who is prettier? #shorts #gaming,GG Gaming,2021-12-12T03:45:24Z,2667376,162307,1357,YouTube
3ECXeoLlR3I,League of Legends,Qiyana Champion Spotlight | Gameplay - League of Legends,League of Legends,2019-06-28T20:00:00Z,2416658,31848,2643,YouTube
d15O3zSLA_Q,League of Legends,Yone Champion Spotlight | Gameplay - League of Legends,League of Legends,2020-08-06T19:30:01Z,2394850,51491,4318,YouTube
4QWDa0mPgxg,League of Legends,Is Dota 2 Harder Than League of Legends?,Dimple the Dragon,2023-10-06T22:45:00Z,2276394,56859,10097,YouTube
TYkvBijQccA,League of Legends,Yuumi Champion Spotlight | Gameplay - League of Legends,League of Legends,2019-05-14T15:00:06Z,2264466,37427,3165,YouTube
98CIAkqX6ZU,League of Legends,Viego Champion Spotlight | Gameplay - League of Legends,League of Legends,2021-01-21T20:30:00Z,2263110,45286,3480,YouTube
SiE5uLjCtxU,League of Legends,I streamed until I beat League. It was a mistake.,Ludwig,2025-01-10T01:00:59Z,2262561,59198,1187,YouTube
Utt-sd2FJNY,League of Legends,Swain Champion Spotlight | Gameplay - League of Legends,League of Legends,2018-02-06T18:00:03Z,2258978,33857,2983,YouTube
pb7ASJlPK_k,League of Legends,Old vs New League of Legends,Nemesis,2023-01-19T21:51:02Z,2312213,71315,1715,YouTube
3oSwqRrqqrM,League of Legends,Aatrox Hidden Mechanic! (Aatrox Guide) - League of Legends,Daveyx3 Gameplay,2023-04-10T12:00:02Z,2287984,80801,246,YouTube
ZiYr777GSjk,League of Legends,Naafiri: The Hound of a Hundred Bites | Gameplay Trailer - League of Legends,League of Legends,2023-06-22T00:04:48Z,2199649,79816,7550,YouTube
0iiGWVhUqLA,League of Legends,Aatrox Champion Spotlight | Gameplay - League of Legends,League of Legends,2018-06-26T15:07:18Z,2142376,29054,4714,YouTube
tmEjMaXdssk,League of Legends,Do You Prefer Arcane VS Original Characters? 🤔,nikimii,2024-11-18T23:20:00Z,2234170,139820,781,YouTube
fEMe5hOOwLg,League of Legends,Mordekaiser R Hidden Mechanic! (Mordekaiser Guide) - League of Legends,Daveyx3 Gameplay,2023-04-03T12:00:34Z,2182225,69371,277,YouTube
mMnUovJ178Q,League of Legends,How to Win Lane in 3 Easy Steps,Snowta,2021-04-22T14:00:31Z,2185679,66951,993,YouTube
bP7GqOnLgY0,League of Legends,Faker using skin?! 😲❗❓ league of legends,LoLTAM,2024-05-16T21:00:21Z,2429994,78898,325,YouTube
7D9x4eyakkc,League of Legends,LA POLÉMICA DE JINX ARCANE #leagueoflegends #wildrift,NoxiortG,2024-11-28T20:00:03Z,2116866,158650,1374,YouTube
iwEAK5wsWLg,League of Legends,T1 vs BLG - Game 5 | Grand Final LoL Worlds 2024 | T1 vs Bilibili Gaming G5 full,EpicSkillshot - LoL VOD Library,2024-11-02T18:35:31Z,1928619,19978,1745,YouTube
yahJE5tLxHg,League of Legends,Renata Glasc Champion Spotlight | Gameplay - League of Legends,League of Legends,2022-02-17T21:00:21Z,1886066,36353,2226,YouTube
rqx4phatWMI,League of Legends,Unkillable Sett King,T1 Faker,2021-06-11T06:00:10Z,1948222,48039,729,YouTube
jNZIAcnpSLY,League of Legends,Season 2024 Gameplay Spotlight | League of Legends,League of Legends,2023-11-20T16:00:27Z,1878150,76315,3901,YouTube
XbwAulaZr4k,League of Legends,The Sion main who broke League of Legends,Parafox,2025-04-08T20:00:26Z,1877339,37011,1897,YouTube
v6wCAsOnXls,League of Legends,The 1 JHIN MECHANIC that NOBODY KNOWS! - League of Legends #shorts,Skill Capped Challenger LoL Guides,2023-04-02T12:00:38Z,1875579,69812,374,YouTube
2-1cvnQW5OA,League of Legends,THUNDER GOD ZEUS SOLO BOLO ⚡️,LoL Esports,2025-03-05T13:00:04Z,2733886,44418,256,YouTube
PotZzQvPdl4,League of Legends,Ruined King: A League of Legends Story | Official Gameplay Trailer,Riot Forge,2020-12-11T02:33:43Z,1803344,48019,3398,YouTube
VcaUG8hV9SU,League of Legends,Zeri Champion Spotlight | Gameplay - League of Legends,League of Legends,2022-01-20T20:30:02Z,1754967,30616,2107,YouTube
asYxCgsMKv4,League of Legends,Laure catches Oner aura farming ✨,LoL Esports,2025-07-06T01:58:52Z,3548966,63090,331,YouTube
hTBTQRQnUEk,League of Legends,This is Why Faker is THE GOAT...,Azzapp LoL,2025-04-15T19:34:57Z,3470336,64706,567,YouTube
Q27Tn899-DM,League of Legends,Rank 1 Rengar Making Koreans Look Like BRONZE #leagueoflegends,NoobHunter - League of Legends,2025-09-24T17:00:35Z,3211798,34843,197,YouTube
W5Va-ROu8e8,League of Legends,"El día que volvimos a jugar al LOL 🤮 ft. Andrés, Guille, Evon y Darío",IlloJuan,2022-03-12T17:39:49Z,1579714,54900,408,YouTube
6OBgIHyPAJ8,League of Legends,Nilah Champion Spotlight | Gameplay - League of Legends,League of Legends,2022-07-13T15:00:07Z,1500450,20877,2831,YouTube
e2YjDfej8iY,League of Legends,Minha Primeira Vez... em LEAGUE OF LEGENDS! - Gameplay de LoL com BRKsEDU Finalmente!,BRKsEDU,2018-07-24T13:53:45Z,1471034,150495,14017,YouTube
PBq-lg2mpPs,League of Legends,Automatic League Of Legends Gameplay 🤫,Drututt Shorts,2026-04-26T20:58:09Z,2643166,61189,242,YouTube
Wz35oB8g6DE,League of Legends,MDR ce gameplay de fou 🙈,Sixen • League of Legends,2023-05-06T12:00:21Z,1573271,46006,147,YouTube
z1s4nlfGUlI,League of Legends,"Viktor, the Herald of the Arcane | Champion Update Trailer - League of Legends",League of Legends,2024-12-10T16:00:57Z,1450645,54021,5045,YouTube
swyVoap9KxA,League of Legends,The 1 BRAND MECHANIC that NOBODY USES! - League of Legends #shorts,Skill Capped Challenger LoL Guides,2023-04-23T12:00:41Z,1470544,58730,326,YouTube
8aR7WID8lf8,League of Legends,League on EASY MODE (Mobile Legends),Nivde,2024-02-23T20:50:50Z,1417305,43889,4272,YouTube
yDcfRiV7twM,League of Legends,How similar is Arcane Jinx to League of Legends? #shorts #leagueoflegends #arcane  #gaming #jinx,FlowchartKen,2025-01-03T15:15:03Z,1582494,140473,353,YouTube
U4VIH_gltfI,League of Legends,T1 Oner&#39;s Viego,League Codex,2024-05-10T12:00:35Z,1408820,27398,129,YouTube
2QI2pfum47U,League of Legends,Briar Champion Spotlight | Gameplay - League of Legends,League of Legends,2023-09-13T15:00:04Z,1328306,26505,1317,YouTube
hECQiybsrsM,League of Legends,Mel Champion Spotlight | Gameplay - League of Legends,League of Legends,2025-01-09T20:00:31Z,1373503,30483,2792,YouTube
kniZUGpcOnQ,League of Legends,How To Barrel Like A Challenger Gangplank...,Solarbacca,2024-03-20T22:30:09Z,1653352,62664,336,YouTube
f1WnDDRnUUw,League of Legends,Tyler1 Draven Level 1 🙃,LemonRogue,2024-10-26T21:00:31Z,1963489,48147,450,YouTube
9ViLq3Lcb2U,League of Legends,Should you play League of Legends,Senpapi Gabe,2024-11-11T00:34:10Z,1379939,113510,1739,YouTube
_FudDdGOdsE,League of Legends,Milio Champion Spotlight | Gameplay - League of Legends,League of Legends,2023-03-22T20:00:12Z,1282565,20606,1504,YouTube
p4QG59y6FGE,League of Legends,League Of Legends Gameplay (2021) PC 1080p 60FPS,MindYourGames,2021-01-17T13:32:50Z,1279640,6272,530,YouTube
TDhg6pnrTRs,League of Legends,Every Easiest and Hardest Champions in League of Legends - Chosen by You!,Outside Joke,2023-11-26T15:18:29Z,1279762,28719,2374,YouTube
sJupa3WcN88,League of Legends,K’Sante Champion Spotlight | Gameplay - League of Legends,League of Legends,2022-11-03T19:45:01Z,1211228,17185,1553,YouTube
e1Pt83HQdyo,League of Legends,Ahri Rework Texture Comparison | League of Legends,SQUPO,2023-01-11T13:07:17Z,1332195,48220,580,YouTube
WD9qgO0jo-M,League of Legends,Guide du Noob | Épisode 1 : Les bases | League of Legends,League of Legends - France,2018-02-16T09:38:40Z,1193201,25356,442,YouTube
Zd20I3a0L2s,League of Legends, TheBaus TERRORIZING Korean Pros for 12mins straight,Today on Twitch,2025-01-30T12:00:46Z,1179439,13672,330,YouTube
7yidGJ2y0Lk,League of Legends,"League of Legends vs Dota 2, which game is more difficult to play?",Esports World Cup,2024-07-10T16:11:53Z,1356771,31657,1845,YouTube
tQbo2X2Qysc,League of Legends,The COMPLETE Beginner&#39;s Guide to League of Legends!,Skill Capped Challenger LoL Guides,2023-01-28T13:30:25Z,1139758,26968,558,YouTube
1qGkmv80KD0,League of Legends,Hwei Champion Spotlight | Gameplay - League of Legends,League of Legends,2023-12-06T16:00:01Z,1133032,19812,1912,YouTube
rtfS6PQEot0,League of Legends,Naafiri Champion Spotlight | Gameplay - League of Legends,League of Legends,2023-07-21T15:00:50Z,1118894,18403,945,YouTube
M4wtGzL7-34,League of Legends,THE BEST PLAYER IN THE WORLD IN WILD RIFT #shorts,DNZio,2023-04-08T10:00:12Z,1358224,16300,293,YouTube
z4jpoDpXbCc,League of Legends,Exploring Old League of Legends (15 Years Later),Sitback,2024-07-20T14:00:48Z,1048966,33223,2494,YouTube
1MOjmAsF3OM,League of Legends,Dr. Mundo Gameplay Preview | League of Legends,League of Legends,2021-06-09T19:30:01Z,1020302,19874,873,YouTube
L8Za9xjMg84,League of Legends,Aurora Champion Spotlight | Gameplay - League of Legends,League of Legends,2024-07-18T18:00:16Z,999489,13993,973,YouTube
o69dtlznmug,League of Legends,Ambessa: The Matriarch of War | Champion Trailer - League of Legends,League of Legends,2024-11-06T19:00:24Z,1049758,30849,1345,YouTube
J5CDQF16AQM,League of Legends,Bridge of Progress: ARAM Trailer | Gameplay - League of Legends,League of Legends,2024-10-22T15:00:19Z,969590,28853,1716,YouTube
tfjg98Nb-GU,League of Legends,FAKER BEST GAME EVER?😱 PENTAKILL!🔥- T1 vs DRX GAME 2 LCK SPRING 2025 W6D2 | T1 vs DRX G2 LCK 2025,Challenger LoL Replays & VODS,2025-05-08T09:36:21Z,958243,9036,313,YouTube
qmpFt9sY72s,League of Legends,Smolder Champion Spotlight | Gameplay - League of Legends,League of Legends,2024-01-31T19:00:25Z,950895,16751,1288,YouTube
C0ygVgpPrIA,League of Legends,Gameplay Terizla Mid Lane RRQ Lemon: Meta Baru yang Bikin Lawan Nangis!,RENDIMANA,2026-03-18T11:41:25Z,1748315,15208,181,YouTube
EhHzJidkydo,Rocket League,The Best Rocket League Game Ever!,MrBeast Gaming,2020-10-02T18:56:05Z,48217191,782763,58709,YouTube
1knKmT4N-ZY,Rocket League,Rocket League Sideswipe Gameplay Trailer,Rocket League,2021-11-29T22:34:47Z,26980799,20188,1363,YouTube
LHj27WVtSb8,Rocket League,INVICTOR VS MIKECRACK 😱 DESAFÍO DE COCHES VOLADORES 😂 ROCKET LEAGUE con LOS COMPAS,invictor,2020-12-25T00:08:33Z,20730174,319274,5696,YouTube
dIld1-3oT6g,Rocket League,SUPER FUN IN ROCKET LEAGUE SIDESWIPE,Techno Gamerz,2021-12-18T03:30:16Z,13947963,598160,19434,YouTube
PMsB41Y_sxs,Rocket League,ROCKET LEAGUE TOP 100 EPIC SAVES,ROCKET LEAGUE FX,2021-02-20T13:00:30Z,11407872,119297,5432,YouTube
b67H9CdmzB4,Rocket League,Why Rocket League is a BEAUTIFUL Game...,JamaicanCoconut,2023-07-30T13:00:33Z,10626872,583668,2708,YouTube
CH_8ZLzoqZg,Rocket League,BECOMING PRO IN ROCKET LEAGUE SIDESWIPE,Techno Gamerz,2022-03-02T03:30:02Z,9047463,344545,12318,YouTube
w8v8M1cPgEc,Rocket League,this is why i love rocket league 😍,amustycow,2024-05-30T19:42:42Z,15101762,284266,1594,YouTube
gBiKwZRwDmo,Rocket League,What Will You Choose? #shorts #rocketleague #rlfunny,WASDCommunity,2024-04-30T11:54:51Z,8740618,276889,2753,YouTube
XKkwQa5YH1k,Rocket League,My Rocket League Journey,Fluffymast3r,2022-10-19T04:47:28Z,8488144,275589,2804,YouTube
j6tZpptRHGY,Rocket League,Family vs the Rocket League WORLD (ONLINE Battle!) K-CITY GAMING,K-City Gaming,2020-12-29T15:30:04Z,7289165,17704,1207,YouTube
-yJi8AUYloU,Rocket League,HOW TO FAST AERIAL,1emil,2022-07-03T17:33:40Z,9368624,213660,1216,YouTube
arRlj8nRdUo,Rocket League,How to Get CRACKED at ROCKET LEAGUE 101: Controller Settings #shorts,Calvin Is Bad News,2021-04-20T15:19:52Z,7226465,331833,1489,YouTube
TM_0XgFwrWs,Rocket League,🚨 I&#39;m Cheating in Rocket League! 🚨Poor Bot...,Devas,2024-08-28T16:00:26Z,7733480,138585,1696,YouTube
CWudNahfXdM,Rocket League,can grandplat do every mechanic in rocket league?,amustycow,2025-09-05T00:16:35Z,10083287,272899,2295,YouTube
P-l1Y7MGLPY,Rocket League,The first ever 1v1 in Rocket League history,SunlessKhan,2024-08-13T20:30:00Z,6573998,262989,1490,YouTube
moxH7DqC4N8,Rocket League,Zen&#39;s BEST Shot EVER?,Artima,2024-03-12T17:00:28Z,6734870,241858,3145,YouTube
5g1VSkmjKqs,Rocket League,SMOOTHEST Rocket League gameplay you&#39;ll see 👀,Forky Clips,2022-06-15T19:00:01Z,5719278,235766,1934,YouTube
IFXLUfNH_O8,Rocket League,When you clip but the defenders are SSL...,JamaicanCoconut,2023-08-31T18:00:08Z,6745648,220372,1750,YouTube
w8Un4IRwTL8,Rocket League,I played the prequel to Rocket League: SARPBC vs RL,SunlessKhan,2018-09-29T13:30:00Z,5409408,89609,3645,YouTube
LdtYqQJKpuU,Rocket League,THIS IS ROCKET LEAGUE,NRG Rocket League,2023-12-14T22:56:32Z,6535845,207064,1608,YouTube
sxxcRdPFZfM,Rocket League,Rocket League MOST SATISFYING Moments! #103 (TOP 100),PNation,2024-02-21T18:00:07Z,4852465,26639,718,YouTube
CmQpRm5jjO4,Rocket League,I&#39;m the GREATEST Goal Scorer [Rocket League],Live Insaan,2021-06-18T07:00:05Z,4826246,278633,11981,YouTube
EmyelUSQkrc,Rocket League,Hitting SSL for the *FIRST* time (GONE EMOTIONAL),JamaicanCoconut,2022-12-17T21:56:27Z,4724382,276953,3045,YouTube
Evh4efgjdMw,Rocket League,UNBELIEVEABLE Clutch on 0 Seconds in SSL 1v1...,JamaicanCoconut,2023-10-12T19:00:09Z,4776468,160934,520,YouTube
Q6uVIkBYIsY,Rocket League,Stop Shooting Like THIS | ROCKET LEAGUE,SpookyLuke,2023-02-01T18:03:30Z,4523764,35000,402,YouTube
t-egl7BfFeU,Rocket League,Cheating in rocket league is crazy,DAFC,2024-12-06T23:52:18Z,6030465,149324,1266,YouTube
mJW2nZXa48c,Rocket League,&quot;EVERY Rank&quot; Hits A Clip 🤣 #rocketleague.,Korbital,2025-10-25T15:51:59Z,8307428,76309,1926,YouTube
lKh28qW5yCQ,Rocket League,Score a Rocket League Goal or Get BALLED!,NRG Rocket League,2023-11-23T03:22:34Z,5074842,96420,285,YouTube
CTDIrhDLcVg,Rocket League,HACKS AT EVERY ROCKET LEAGUE RANK pt.2,uuest,2023-11-03T18:00:05Z,5204398,181904,1284,YouTube
F9dcZ2B7v3A,Rocket League,UN GOLD EN GC1 ça donne quoi #rocketleague #rl #gaming #shorts,Poachimpa - Gaming,2023-05-11T14:00:07Z,3964111,143981,701,YouTube
4LSmbaQarGg,Rocket League,7 NOOBS VS 1 ROCKET LEAGUE PRO!,PWR,2023-02-17T14:49:13Z,3799041,30721,872,YouTube
iy2KQ8tJ4EE,Rocket League,Musty&#39;s Greatest Rocket League Freestyle,NRG Rocket League,2023-01-10T18:19:28Z,5150012,114973,901,YouTube
l6WDVBFyCt4,Rocket League,Jugué Rocket League por 24 HRS SEGUIDAS!,Ludplays,2023-05-13T18:19:55Z,3393618,81946,1591,YouTube
iOLc765fB1c,Rocket League,Pro Player Zen Clean Fennec Design Rocket League,conxrl,2023-05-17T12:22:28Z,3903426,84960,472,YouTube
kBW0PYM7kdY,Rocket League,The Best Goal from Every Year in Rocket League,amustycow,2024-08-04T19:41:13Z,3126295,45895,1349,YouTube
mc0uQVLSvUI,Rocket League,"Bad kickoff? Nah, Aura. #rocketleague #rl #rocketleagueclips #gaming #foryou",stevie ts,2024-11-24T17:12:41Z,131401913,587203,547,YouTube
as41GMBsd4k,Rocket League,&quot;This shot was insane... Champ??&quot;,JamaicanCoconut,2023-10-25T14:00:01Z,4272726,103449,587,YouTube
NpiZoby7nXE,Rocket League,25 MISTAKES Every LOW RANK Makes... ROCKET LEAGUE,SpookyLuke,2023-01-29T18:00:11Z,2942041,42393,954,YouTube
eWkzqapQOdI,Rocket League,my best goals at every rank,Aeroh,2025-08-29T22:44:34Z,4504859,110460,2804,YouTube
XhrpsosxUvc,Rocket League,50 Rocket League Tips from Beginner to Advanced,Thanovic,2022-06-06T15:00:29Z,2872891,62221,1442,YouTube
VBn4GZKDp3s,Rocket League,Best Way to Improve in Rocket League,TenacityTv,2021-08-08T21:04:08Z,3466301,127711,1782,YouTube
EsdcSqTA2jw,Rocket League,I hired someone to make the worst maps possible in Rocket League,Striped,2024-08-02T14:00:10Z,2864553,22859,593,YouTube
4IpkoO9GUZY,Rocket League,32 Mistakes You&#39;re Probably Making in Rocket League,Wayton Pilkin,2021-05-03T14:00:04Z,2766192,69493,1882,YouTube
6pK5Bfk2tFE,Rocket League,&quot;What&#39;s the Best Controller for Rocket League?&quot;,SpookyLuke,2023-05-04T16:30:02Z,4157353,53790,4433,YouTube
komxzAsLsDg,Rocket League,How many hours does it take to reach every rank in Rocket League?,Wayton Pilkin,2023-03-10T21:41:52Z,3143466,112043,10058,YouTube
Ur1DewTLgpM,Rocket League,OPENING 5 *NEW* BLACK DROPS IN ROCKET LEAGUE!,CoralCoke,2023-05-16T12:00:19Z,3033473,76525,832,YouTube
KuDusgDDF6o,Rocket League,Season 18 elite pack 💀 #rocketleague #rl #shorts,Strawbs,2025-03-14T22:12:36Z,3839730,48108,990,YouTube
oI7RuXS_7vU,Rocket League,Des JOUEURS PROS ESSAYENT de FAIRE DES MOVES de FREESTYLERS ! (ROCKET LEAGUE),Gaspow,2022-11-29T23:04:03Z,2368068,46207,448,YouTube
tIaZiByi5Hg,Rocket League,OPENING 5 *GOD* CRATES IN ROCKET LEAGUE!,CoralCoke,2023-05-19T16:00:48Z,2741811,84444,464,YouTube
SgSX3gOrj60,Rocket League,Rocket League - Official 4K Cinematic Free To Play Trailer,GameSpot Trailers,2020-09-15T16:35:47Z,2283710,41394,1789,YouTube
m0V-cCCzdWE,Rocket League,DESTROYING with the Skyline in a Tournament (SSL),Evample,2024-07-09T19:03:56Z,2267497,21996,392,YouTube
ZkAgeFACHdE,Rocket League,IL A CRU QUE J&#39;ETAIT SILVER 🤣🤣,D7.,2023-07-29T17:00:29Z,2912830,99011,770,YouTube
hmIKe7G_cMg,Rocket League,"I gave a Plat an SSL coach, can he beat a Diamond?",Mr-Napkin,2024-07-21T16:04:27Z,2183543,25429,1169,YouTube
Glfyf9E21nc,Rocket League,I Tried Rocket League as a Noob,Ludvix,2024-06-23T03:16:50Z,2176488,25615,2100,YouTube
SBCBL3a3qQU,Rocket League,Boys vs Girls Fight For $1000 in Rocket League!,Mr-Napkin,2024-09-01T16:00:08Z,2169983,22041,2624,YouTube
0-rPkBn7_Uw,Rocket League,Rocket League Controller Settings the 𝗣𝗥𝗢𝗦 Use,PlayStation Esports,2024-09-15T17:00:00Z,3768774,61292,497,YouTube
YSr_aVmSfgM,Rocket League,Can I FINALLY get SSL?? | SSL 2v2 - Rocket League,amustycow,2023-03-19T19:52:22Z,2099476,32472,1568,YouTube
eU6ouVA3dRc,Rocket League,Winning Every Rocket League Game Mode in a Row,amustycow,2024-11-09T20:00:16Z,2068000,23681,1197,YouTube
-yFdp40ioEE,Rocket League,UNE PREMIÈRE DANS MA CARRIÈRE..🤣 #mawkzy #rocketleague #rl #rlshorts,Mawkzy,2024-07-19T16:41:58Z,2626611,83552,435,YouTube
eUvk4MifVVc,Rocket League,the SHORTEST vs the LONGEST game of rocket league (part 1),amustycow,2024-10-16T22:03:34Z,2809923,87804,475,YouTube
NzV4eu1S-Rg,Rocket League,Middle of the Night 🌙 (Rocket League Montage),Joerntie,2022-04-09T16:00:11Z,1905074,34444,1400,YouTube
B9JfDHxxMbk,Rocket League,The UNBEATABLE strategy in Rocket League...,JamaicanCoconut,2024-07-09T18:00:06Z,3063455,83043,641,YouTube
KoYDLkfjoYs,Rocket League,The Best Gold in Rocket League?,Calvin Is Bad News,2022-12-25T16:55:59Z,1996004,61271,2715,YouTube
78_qNh2_vVc,Rocket League,The ULTIMATE Aerial Car Control Guide in Rocket League,Thanovic,2023-03-25T14:00:03Z,1825090,54546,927,YouTube
rx-Q1RyCFL0,Rocket League,I Engaged &quot;Air Dribble Fingers&quot; | Rocket League #shorts,Faffy rl,2024-09-28T07:48:12Z,2446212,72178,1060,YouTube
m6tZDgmWqiU,Rocket League,The Best Diamond in Rocket League?,Calvin Is Bad News,2022-12-28T16:11:21Z,1807223,63182,2406,YouTube
JvgtzwY7i04,Rocket League,Silvers are impossible to predict🗿🙏 #rocketleague #rl #rocketleagueclips #gaming #rlclips,FrenzyRL,2026-05-03T12:00:34Z,3531522,37389,729,YouTube
TKU8ESLAHZE,Rocket League,24 Hours vs Pros... (The Hardest Challenge I&#39;ve Done),amustycow,2024-09-29T23:02:58Z,1769878,23797,1311,YouTube
_puuFwtftus,Rocket League,World’s Best Defender vs Every Rank!,Mr-Napkin,2025-01-26T17:00:46Z,1751692,17760,839,YouTube
sfJHxatPbeQ,Rocket League,I challenged an RLCS pro to a game of PIG #rocketleague,amustycow,2023-10-19T03:47:08Z,1891089,68570,217,YouTube
Zls47dgR58c,Rocket League,5 Best Mechanics for Low Rank Rocket League Players to Learn,Thanovic,2020-07-03T13:00:08Z,1742291,51332,1817,YouTube
zIbmovfgmLQ,Rocket League,Tous les rangs FONT LA MECANIQUE LA PLUS IMPROBABLE #rocketleague,Daalp,2024-08-11T16:01:00Z,2149493,52789,181,YouTube
GAdfZA7Crhc,Rocket League,UPEI do BRONZE AO TOP MUNDIAL em 24 HORAS no ROCKET LEAGUE 🏆⏰,jatozord,2025-05-23T20:00:19Z,1707979,50233,1077,YouTube
-B8chaHY85A,Rocket League,Turning off this setting might help you,1emil,2022-04-12T15:49:20Z,2397627,39377,431,YouTube
aSuxZ6J-KsI,Rocket League,Meet The Best Heatseeker Team In The World,Striped,2024-10-28T15:15:11Z,1695478,12539,416,YouTube
MZWQ_SDGs3c,Rocket League,This Rocket League Achievement Took Me 9 Years to Unlock,amustycow,2025-08-12T17:58:32Z,1689085,27760,1695,YouTube
ANvew6cbYzs,Rocket League,IRRITEI CRIANÇAS TÓXICAS FINGINDO SER NOOB NO ROCKET LEAGUE KKKKKKK,jatozord,2024-09-17T20:00:04Z,1662320,29270,591,YouTube
iYZibbdPomA,Rocket League,MI MAYOR ENFADO EN ROCKET LEAGUE - ThiagoIUTU,ThiagoIUTU,2025-01-30T21:45:04Z,1661617,29277,748,YouTube
A47NcsGA5N4,Rocket League,Only BRONZES Can Score This Shot... @MizuRL,uuest,2026-05-19T21:00:06Z,3005724,101045,383,YouTube
vtQRAYnHesc,Rocket League,My Rocket league rank progression 🥺🥹(GC),Hicks6,2024-03-04T21:48:27Z,1720849,71027,2006,YouTube
fGD3UKo73o8,Rocket League,Juiz ladrão certeza 😂#rocketleague #rocketleaguehighlights #gameplay,TcK10,2024-11-14T21:30:24Z,1862399,58713,220,YouTube
W1wuRaEOYok,Rocket League,WTF ZEN 😳 #zenrl #vitality #rocketleague #shorts,Team Vitality,2024-01-15T20:42:39Z,1973450,77371,444,YouTube
9bnmbRXwSXY,Rocket League,SSL Tournament DOMINATION in Rocket League… (Dominus),Evample,2022-12-19T03:30:24Z,1608890,20585,369,YouTube
cs_MnXlojo8,Rocket League,JOHNNY vs TECHY In Rocket League!,Here's Johnny,2025-02-06T22:32:28Z,1607307,11626,1326,YouTube
AqVN8kHxefA,Rocket League,The BEST Controller Settings!,stefmilk,2022-05-25T14:28:27Z,1972485,41916,188,YouTube
as5Q5_5c2S0,Rocket League,"ZEN VS RW9 INSANE 1V1 In $2,000,000 Gamers8 Rocket League! (RW9 Player View)",Best Rocket League Moments,2023-08-28T19:20:49Z,1565979,14731,662,YouTube
mgAVO3DR9No,Rocket League,OPENING 5 *NEW* WHITE DROPS IN ROCKET LEAGUE!,CoralCoke,2023-05-25T13:00:40Z,1718876,64781,872,YouTube
pnk84gIndCs,Rocket League,Guessing Your Rank in Rocket League!,Jynxzi,2026-01-19T23:10:27Z,1549025,23788,1098,YouTube
2XdhaqguttE,Rocket League,Tous les rangs font un AIRDRIBBLE #rocketleague,Daalp,2024-07-07T15:00:03Z,1910571,54441,159,YouTube
NfmoMCoJV3I,Rocket League,The Best Plat in Rocket League?,Calvin Is Bad News,2022-12-27T16:23:09Z,1585611,46728,1676,YouTube
w-1g9IgkB_E,Rocket League,Oldest vs Youngest SSL in the world,MizuRL,2024-12-22T16:00:51Z,1473653,20109,1061,YouTube
wamKzTJdi6U,Rocket League,Otro psycho perfecto 😎 #rocketleague #shorts #gaming,NeneCreative,2025-07-10T19:01:03Z,3094773,37306,280,YouTube
wCdYxRmE_rw,Rocket League,Best cars to use in rocket league,Rocket League,2021-01-12T10:08:05Z,2975283,23265,630,YouTube
Vyp_GI8fY4k,Rocket League,Common Speed Flip Mistakes | Rocket League,Dlin,2023-04-23T13:24:51Z,2614778,21693,180,YouTube
dshqaqvAunQ,Rocket League,my Rocket League journey 🥹,Aeroh,2026-02-18T22:42:42Z,1709889,52853,1955,YouTube
qccJsDTYork,Rocket League,Rocket League Top Aura Moment,JamaicanCoconut,2025-06-01T17:00:56Z,2995899,55531,741,YouTube
k4Kn4OgTUiU,Rocket League,L&#39;INCROYABLE REMONTADA DE MAWKZY SUR ZEN !!!,Rasmelthor - Rocket League,2023-10-06T15:20:25Z,1592378,72693,486,YouTube
afJkXFLYro0,Rocket League,Pro Goes UNDERCOVER Against His Biggest Haters,Mr-Napkin,2025-12-28T17:00:03Z,1301378,17098,1507,YouTube
zFhI2kffBOo,Rocket League,I Hired SENJU to Prank Streamers,amustycow,2026-04-26T19:56:09Z,1290139,25255,1304,YouTube
QdBZY2fkU-0,Grand Theft Auto V,Grand Theft Auto VI Trailer 1,Rockstar Games,2023-12-04T23:07:10Z,280276666,12385353,1017152,YouTube
VQRLujxTm3c,Grand Theft Auto V,Grand Theft Auto VI Trailer 2,Rockstar Games,2025-05-06T13:29:04Z,163335165,6476279,544165,YouTube
hK6A_ebUKrM,Grand Theft Auto V,World’s Largest Ramp!,MrBeast Gaming,2021-06-11T19:27:22Z,132599920,1261348,36500,YouTube
nZ1rTugGIkw,Grand Theft Auto V,Playing GTA 5 Without Breaking Any Laws!,MrBeast Gaming,2020-07-25T17:08:31Z,122022565,1776163,38482,YouTube
x6tQA98O62Y,Grand Theft Auto V,GTA V Did SheHulk crush Spidey or not? #gta,Junvo3D,2024-07-09T09:18:16Z,117605709,1319304,1050,YouTube
p9k837ThXvk,Grand Theft Auto V,GTA 5 Funny/Crazy Jump Compilation (GTA V Fails Funny Moments),ProGamingStudio ツ,2019-09-28T16:00:15Z,64045018,784713,5639,YouTube
MQFZM8OC7kQ,Grand Theft Auto V,BIGGEST GANGSTER ENCOUNTER | GTA V GAMEPLAY #146,Techno Gamerz,2022-06-14T03:30:04Z,59166877,1824777,65755,YouTube
IIAq4rrV7hE,Grand Theft Auto V,BUYING THE MOST EXPENSIVE HOUSE | GTA V GAMEPLAY #142,Techno Gamerz,2021-12-31T04:34:18Z,53845164,1949230,143636,YouTube
K8pNr5T3b3s,Grand Theft Auto V,Watch my 1st GTA 5 Gameplay on @Gaming_Dushyant 😍  #dushyantkukreja #shorts,Dushyant kukreja,2024-08-15T13:35:00Z,133560860,1610939,1208,YouTube
bCYaNo7ovoM,Grand Theft Auto V,I STOLE PRIME MINISTER&#39;S CAR | GTA V GAMEPLAY #6,Techno Gamerz,2020-03-07T13:41:16Z,51290788,1059048,38206,YouTube
QxVtMEb4ct4,Grand Theft Auto V,MY FERRARI RACECAR EXPLODE IN RACE | GTA V GAMEPLAY #144,Techno Gamerz,2022-04-14T03:30:04Z,49081099,1690768,89430,YouTube
rZM4k93pqvU,Grand Theft Auto V,STEALING CONCEPT CARS FOR NEW SHOWROOM | GTA 5 GAMEPLAY #149,Techno Gamerz,2022-11-13T03:30:14Z,48096486,1420171,56296,YouTube
SOK0J4sNqeQ,Grand Theft Auto V,WORLD’S BIGGEST CAR SHOW IN DUBAI | GTA V GAMEPLAY #135,Techno Gamerz,2021-08-12T06:00:07Z,47886340,1738197,89620,YouTube
1nWJUHU-0p4,Grand Theft Auto V,THE BIGGEST BANK ROBBERY | GTA 5 GAMEPLAY #147,Techno Gamerz,2022-08-09T04:36:03Z,47708586,1902343,91423,YouTube
ly7QhOGGp4g,Grand Theft Auto V,THE END OF MAFIA BOSS | GTA 5 GAMEPLAY #154,Techno Gamerz,2024-07-14T03:30:18Z,45245818,1613556,91126,YouTube
SI33Za-CiE4,Grand Theft Auto V,I DESTROYED JIMMY&#39;S SUPERCAR | GTA V GAMEPLAY #145,Techno Gamerz,2022-05-16T03:30:04Z,44172757,1643656,55089,YouTube
rAeAQr0UtYY,Grand Theft Auto V,I WON CARS IN A RACE | GTA V GAMEPLAY #122,Techno Gamerz,2021-03-31T03:30:01Z,43664067,1527601,66182,YouTube
5yHrPkPPp5k,Grand Theft Auto V,I STOLE $10MILLION FERRARI SUPERCAR | GTA 5 GAMEPLAY #148,Techno Gamerz,2022-09-19T03:30:01Z,42221503,1409701,60179,YouTube
PqwvhVGw2QY,Grand Theft Auto V,I STOLE SUPRA FROM MAFIA HOUSE | GTA 5 GAMEPLAY #151,Techno Gamerz,2023-04-09T03:30:12Z,41979931,1583288,77469,YouTube
gahH5Dz2uuM,Grand Theft Auto V,FIRST PRIZE IS BUGATTI OF THIS RACING TOURNAMENT | GTA V GAMEPLAY #77,Techno Gamerz,2020-08-10T13:02:20Z,41712626,1304793,47761,YouTube
wYgaOmkNn1M,Grand Theft Auto V,THE BIGGEST MAFIA HOUSE ROBBERY | GTA 5 GAMEPLAY #152,Techno Gamerz,2023-07-29T03:30:22Z,41574510,1546504,80443,YouTube
5-WDK8p4Chg,Grand Theft Auto V,SELLING MY SUPERCAR | GTA 5 GAMEPLAY #155,Techno Gamerz,2024-07-27T05:52:21Z,40051636,1440112,107731,YouTube
gPQZMZFVs80,Grand Theft Auto V,MICHAEL BECAME A MOVIE PRODUCER | GTA V GAMEPLAY #130,Techno Gamerz,2021-06-07T03:37:20Z,39919247,1565638,96830,YouTube
IYoJIZxczQ8,Grand Theft Auto V,I STOLE MOST POWERFUL TANK FROM MILITARY BASE  | GTA 5 GAMEPLAY #150,Techno Gamerz,2022-12-30T03:30:03Z,39926302,1502349,67672,YouTube
KKicXFZLpIw,Grand Theft Auto V,WE DESTROYED DUGGAN&#39;S CASINO IN LOS SANTOS | GTA V GAMEPLAY #140,Techno Gamerz,2021-11-05T07:35:40Z,39891371,1676865,81929,YouTube
BA0pgBkdBZs,Grand Theft Auto V,STEALING MAFIA&#39;S MOST POWERFULL CAR | GTA V GAMEPLAY #132,Techno Gamerz,2021-07-01T03:30:01Z,39851833,1618145,66072,YouTube
QLf-30EEcCc,Grand Theft Auto V,THE BIGGEST BANK HEIST EVER | GTA V GAMEPLAY #121,Techno Gamerz,2021-03-18T04:43:34Z,39504810,1431042,103355,YouTube
mAfEN_ZJ6cc,Grand Theft Auto V,I found MY HOUSE in GTA 5..,Caylus  ,2024-07-30T00:21:39Z,47575313,864557,3455,YouTube
X_4rcQeiKDk,Grand Theft Auto V,THE END OF LOS SANTOS MAFIA | GTA V GAMEPLAY #141,Techno Gamerz,2021-12-02T10:21:44Z,38876340,1564391,61174,YouTube
eZVra77N7QE,Grand Theft Auto V,MICHAEL&#39;S NEW HOUSE AS A GIFT | GTA V GAMEPLAY #126,Techno Gamerz,2021-05-05T03:54:17Z,38847590,1687593,166187,YouTube
fcexQBagpc4,Grand Theft Auto V,NEW GANGSTER IS HERE | GTA V GAMEPLAY #1,Techno Gamerz,2020-02-24T14:55:40Z,38817282,1041050,25463,YouTube
q5PQFucogtU,Grand Theft Auto V,HE BET A FERRARI FOR A RACE | GTA V GAMEPLAY #143,Techno Gamerz,2022-02-09T03:30:53Z,38673937,1504232,100221,YouTube
WZ7Ye7qO34Q,Grand Theft Auto V,Busting Spiderman Myths in GTA 5 #shorts,GrayStillPlays,2023-04-06T22:00:14Z,38501412,1687362,1535,YouTube
wChZtrf0URU,Grand Theft Auto V,MAFIA MANSION FOUND IN NORTH YANKTON | GTA V GAMEPLAY #124,Techno Gamerz,2021-04-19T06:40:50Z,38502281,1470147,67770,YouTube
DELCWxTwjCQ,Grand Theft Auto V,CAN WE SAVE LESTER FROM MAFIA GANG | GTA V GAMEPLAY #134,Techno Gamerz,2021-07-27T05:30:01Z,37979497,1678337,96606,YouTube
aX4dsSn12pA,Grand Theft Auto V,BIGGEST GANG WAR WITH BALLAS GANG | GTA V GAMEPLAY #41,Techno Gamerz,2020-05-22T04:40:18Z,37904667,1021886,38510,YouTube
dPVCd7caRr4,Grand Theft Auto V,STEALING 5 MOST EXPENSIVE CARS | GTA V GAMEPLAY #116,Techno Gamerz,2021-02-07T11:01:19Z,36989806,1313911,65779,YouTube
elp53UeggXY,Grand Theft Auto V,WE DESTROYED BIG BUILDING IN LOS SANTOS | GTA V GAMEPLAY #137,Techno Gamerz,2021-08-30T10:38:33Z,36788180,1633034,226279,YouTube
MkC47wDKDNc,Grand Theft Auto V,LESTER WORK WITH MAFIA GANG | GTA V GAMEPLAY #133,Techno Gamerz,2021-07-10T05:56:44Z,36771030,1557782,92269,YouTube
mvqpA_SsFrQ,Grand Theft Auto V,POLICE TOOK ALL MY CARS | GTA V GAMEPLAY #125,Techno Gamerz,2021-04-27T12:34:10Z,35309369,1411416,64251,YouTube
Q8bRvACpS64,Grand Theft Auto V,BIG MANSION HEIST FOR SHOWROOM | GTA V GAMEPLAY #117,Techno Gamerz,2021-02-17T03:46:16Z,34459631,1339637,60952,YouTube
U8eBxzblz00,Grand Theft Auto V,MICHAEL FIGHT WITH FRANKLIN AND GANG | GTA V GAMEPLAY #107,Techno Gamerz,2020-12-16T07:30:34Z,34437637,1383486,88756,YouTube
ow4wWzGg5iY,Grand Theft Auto V,GTA V MICHAEL TRANSFORMATION STORY 3 #shorts | Varun Gaming,Varun gaming,2022-05-14T12:30:08Z,34560783,733505,708,YouTube
GyGSlnVW8Cc,Grand Theft Auto V,REPAIR &amp; DELIVER CRASHED BUGATTI TO LIBERTY CITY | GTA V GAMEPLAY #120,Techno Gamerz,2021-03-11T05:33:29Z,33410925,1447887,70880,YouTube
v68knyKUMFM,Grand Theft Auto V,TAKING DELIVERY OF A FERRARI RACECAR | GTA V GAMEPLAY #139,Techno Gamerz,2021-10-10T08:30:07Z,33141432,1446357,95608,YouTube
GPSFUUyevHU,Grand Theft Auto V,HE SCAMMED WITH MY BANK ACCOUNT | GTA V GAMEPLAY #128,Techno Gamerz,2021-05-19T03:30:06Z,32613105,1390528,78475,YouTube
Q61JvNs5pOY,Grand Theft Auto V,I DESTROYED BIG SHOWROOM IN LOS SANTOS | GTA V GAMEPLAY #127,Techno Gamerz,2021-05-12T05:10:39Z,32320557,1509266,90190,YouTube
AiYH7teCsxA,Grand Theft Auto V,STEALING AIR DEFENSE FROM CAYO PERICO ISLAND | GTA V GAMEPLAY #123,Techno Gamerz,2021-04-09T08:50:13Z,31659804,1418021,74726,YouTube
120OBXKb7-o,Grand Theft Auto V,THE END OF MAFIA&#39;S BROTHER | GTA V GAMEPLAY #110,Techno Gamerz,2021-01-02T06:53:00Z,31230570,1410667,79662,YouTube
mrnnZY9Wemo,Grand Theft Auto V,I STOLE POLICE TOP SECRET CAR | GTA V GAMEPLAY #12,Techno Gamerz,2020-03-21T15:44:47Z,31083914,673294,41507,YouTube
tkC7oAbL-uM,Grand Theft Auto V,I STOLE A ROYAL GOLD CAR | GTA 5 GAMEPLAY #156,Techno Gamerz,2025-01-02T03:30:32Z,31854267,1110519,32500,YouTube
sLsPGYqKmn4,Grand Theft Auto V,STEALING FIGHTER PLANE TO SAVE UNDERWATER MAFIA | GTA V GAMEPLAY #97,Techno Gamerz,2020-10-19T05:00:01Z,29934894,1165466,61736,YouTube
DpjbibdsVCA,Grand Theft Auto V,LOST GANG ATTACK ON MICHEAL | GTA V GAMEPLAY #71,Techno Gamerz,2020-07-25T13:21:30Z,29427320,999343,62855,YouTube
GZJE0zCInkQ,Grand Theft Auto V,CAN WE SAVE LESTER FROM GOING TO PRISON | GTA V GAMEPLAY #101,Techno Gamerz,2020-11-09T13:00:44Z,28227421,1193345,65838,YouTube
aOelKEBYqpY,Grand Theft Auto V,STEALING LUXURY CARS FOR TREVOR | GTA V GAMEPLAY #31,Techno Gamerz,2020-04-30T04:37:59Z,28059185,725117,61806,YouTube
jSUvikY1pOE,Grand Theft Auto V,I STOLE SECRET FIGHTER PLANE FROM MILITARY BASE | GTA V GAMEPLAY #93,Techno Gamerz,2020-10-01T04:55:13Z,27668525,1065028,66124,YouTube
MeuTlwLqP3A,Grand Theft Auto V,POLICE FOUND PRIME MINISTER&#39;S CAR | GTA V GAMEPLAY #8,Techno Gamerz,2020-03-13T15:58:52Z,26796511,596607,12822,YouTube
4jROkA6XqCE,Grand Theft Auto V,I played GTA 5 on my phone,MrMiko 2.0,2022-07-22T06:00:03Z,37047816,1633360,5167,YouTube
5VEwOBQJGaM,Grand Theft Auto V,BIGGEST POLICE CHASE IN THE CITY | GTA 5 GAMEPLAY #161,Techno Gamerz,2025-10-12T03:30:09Z,26314708,1300100,449040,YouTube
rVNY40Swl2g,Grand Theft Auto V,GTA 5 - Franklin&#39;s Bad Day,Vinewood Gamerz,2025-02-28T13:28:21Z,39588725,0,278,YouTube
DA6zYleay0I,Grand Theft Auto V,Playing GTA 5 😂 First Time,Piyush Joshi Gaming,2022-01-19T03:30:02Z,25484581,1060802,39294,YouTube
CpOKubFfZ-w,Grand Theft Auto V,WORLD&#39;S BIGGEST DRAG RACE | GTA 5 GAMEPLAY #159,Techno Gamerz,2025-09-13T09:04:56Z,25361964,1121808,91611,YouTube
xLXiYgP03e0,Grand Theft Auto V,"I DESTROYED 50,000,000 SUPERCAR | GTA 5 GAMEPLAY #158",Techno Gamerz,2025-09-01T03:30:42Z,25283374,1018217,50576,YouTube
1d_Dd3O4yfk,Grand Theft Auto V,HE GIFTED ME NEW LUXURY HOUSE | GTA V GAMEPLAY #20,Techno Gamerz,2020-04-07T03:30:00Z,24990067,651748,26202,YouTube
LuAkxXExdLs,Grand Theft Auto V,I STOLE UNDERWATER CAR TO FIND SUBMARINE | GTA V GAMEPLAY #86,Techno Gamerz,2020-09-05T03:30:01Z,24838276,980308,60334,YouTube
2hT3K3K-QhY,Grand Theft Auto V,I STOLE A BIG CELEBRITY&#39;S LAMBORGHINI | GTA V GAMEPLAY #4,Techno Gamerz,2020-03-02T14:25:34Z,24517416,552997,11157,YouTube
_eslO4JmW8c,Grand Theft Auto V,WE CAUGHT IN A MILITARY TRAP | GTA V GAMEPLAY #87,Techno Gamerz,2020-09-08T05:07:00Z,24033312,963189,51748,YouTube
9xTApcJHxwQ,Grand Theft Auto V,I STOLE MAFIA&#39;S FIGHTER CAR FROM POLICE | GTA V GAMEPLAY #61,Techno Gamerz,2020-07-02T09:28:35Z,23548788,919292,114505,YouTube
YThlsnRImbA,Grand Theft Auto V,STEALING SUPER CARS GONE WRONG | GTA V GAMEPLAY #15,Techno Gamerz,2020-03-27T17:46:18Z,22984622,661456,17234,YouTube
izJMy2lo-Fg,Grand Theft Auto V,MICHAEL KILLED HIS DAUGHTER&#39;S FRIENDS  | GTA V GAMEPLAY #2,Techno Gamerz,2020-02-27T12:02:41Z,22777187,541531,11883,YouTube
d0KJhFMnWRI,Grand Theft Auto V,Grand Theft Auto V (PS3 Gameplay) [HD],BLG,2019-06-27T13:55:37Z,22412419,196547,5379,YouTube
A6WVhYURD4Y,Grand Theft Auto V,WE CAUGHT IN A TERRORIST TRAP | GTA V GAMEPLAY #114,Techno Gamerz,2021-01-25T03:30:01Z,22037832,1103014,47491,YouTube
F5W1G5Qbti0,Grand Theft Auto V,WELCOME TO THE MOST EXPENSIVE CITY | GTA 5 GAMEPLAY #166,Techno Gamerz,2026-03-07T05:30:41Z,21317017,1032337,184868,YouTube
7w5yqPGz5S8,Grand Theft Auto V,FERRARI RACECAR DESTROYED AGAIN | GTA 5 GAMEPLAY #160,Techno Gamerz,2025-09-20T03:30:09Z,21177442,1271071,446159,YouTube
JvLJ7BObvM8,Grand Theft Auto V,BIG MAFIA DID $800 MILLION SCAM | GTA V GAMEPLAY #57,Techno Gamerz,2020-06-24T03:30:01Z,20700419,934336,67153,YouTube
Ly72G5N-G9c,Grand Theft Auto V,ATTACKING ON A LUXURY HOTEL | GTA 5 GAMEPLAY #163,Techno Gamerz,2026-02-07T15:30:15Z,20469862,1526587,58185,YouTube
5Ppnx6Ds9uQ,Grand Theft Auto V,Let’s Ship Grand Theft Auto!,DKOldies.com,2022-10-26T16:13:32Z,21521459,570261,3379,YouTube
fXd6M-XD3J0,Grand Theft Auto V,5 things everyone’s done in GTA 5😅,Syrup,2023-06-03T00:57:58Z,21637604,916745,6205,YouTube
db-fpyGiZLA,Grand Theft Auto V,MICHAEL GOT KIDNAPPED BY TOMMY VERCETTI | GTA 5 GAMEPLAY #165,Techno Gamerz,2026-02-21T03:30:24Z,19592783,1054854,290670,YouTube
ZIwzRBcwnUk,Grand Theft Auto V,NEW GANGSTER IN CITY | GTA 5 GAMEPLAY #162,Techno Gamerz,2026-01-04T13:01:07Z,19454746,868304,72108,YouTube
dluItg5wn2k,Grand Theft Auto V,5 WAYS THAT POLICE WILL BE IMPROVED IN GTA 6 #shorts,GameSkip,2022-12-25T11:33:22Z,19262954,966314,666,YouTube
rSA5977bHyo,Grand Theft Auto V,IMPORTING KTM RC 390 FROM INDIA &amp; THIS HAPPENED ! | GTA V GAMEPLAY #3,Techno Gamerz,2020-02-29T15:37:38Z,18180406,432981,15927,YouTube
nGMj6QluBOY,Grand Theft Auto V,People playing GTA 5 for the FIRST time... 😍 | What was your longest session? #gta #gta5,LewisBlogsGaming,2024-12-27T17:06:54Z,24542868,725817,4908,YouTube
Ct1ETewFYqc,Grand Theft Auto V,MY FIRST DAY AS A BILLIONAIRE | GTA 5 GAMEPLAY #168,Techno Gamerz,2026-05-15T06:30:13Z,17900582,768445,61158,YouTube
sQJBjxqW9LE,Grand Theft Auto V,GTA 5 Explosions Are A lot Louder Than You Think #gta5 #gtav #gtaonline - DarkViperAU,DarkViperAU,2024-05-01T07:46:30Z,21072371,1127625,2667,YouTube
3uxDhtiXHMQ,Grand Theft Auto V,ESCAPING A GANGSTER’S SECRET BASE | GTA 5 GAMEPLAY #164,Techno Gamerz,2026-02-17T03:30:05Z,17639766,873882,59813,YouTube
tEioo-TyZ9w,Grand Theft Auto V,I PLAYED GTA V ON MY PHONE ? #shorts,Agnit Shorts,2023-05-31T04:30:13Z,20734224,607464,2440,YouTube
HZmcrGCLRXY,Grand Theft Auto V,SELLING STOLEN SUPERCARS FOR REVENGE | GTA V GAMEPLAY #17,Techno Gamerz,2020-03-31T18:42:27Z,17271978,524474,17225,YouTube
LM9vVRMnVpg,Grand Theft Auto V,5 Tips for beginners in GTA 5😉,Syrup,2023-10-01T20:46:26Z,17630975,598501,3430,YouTube
NCp3GOHNchQ,Grand Theft Auto V,I STOLE TERRORIST TOP SECRET CAR | GTA V GAMEPLAY #36,Techno Gamerz,2020-05-10T05:00:00Z,16502303,483003,41336,YouTube
7ssp44DydyA,Grand Theft Auto V,GTA 5 - Full Game Walkthrough in 4K,GTA Series Videos,2022-03-04T17:15:00Z,15945154,173251,7080,YouTube
axvw3qDBFrg,Grand Theft Auto V,HOUSE CELEBRATION YATCH PARTY BY TREVOR | GTA V GAMEPLAY #33,Techno Gamerz,2020-05-04T06:09:18Z,15780004,546240,32678,YouTube
3VdvM0GtqRM,Grand Theft Auto V,HOW TO PLAY GTA 5 ON MOBILE,Techno Gamerz,2025-01-31T06:22:40Z,15712404,513986,30224,YouTube
N-281doWID8,Grand Theft Auto V,GTA 5 - Characters Evolution,Vinewood Gamerz,2024-10-29T13:47:33Z,26065272,0,1777,YouTube
lQBlMFSLvrY,Grand Theft Auto V,I SAVE GHOST GIRL FROM GANGSTERS | GTA V GAMEPLAY #5,Techno Gamerz,2020-03-04T11:30:04Z,14280109,369294,7524,YouTube
-_P9Y8wSfpQ,Grand Theft Auto V,GTA V Brainrot vs Hulk Weird Cars Crossing Two Giant Slap Hands in Bollards #gta,Big Star Animation,2025-05-13T16:00:29Z,27869334,1142249,988,YouTube
CFI3zigykJM,Grand Theft Auto V,Now Play GTA-5 in Smartphone⚡️💥,Rohan Singh ,2024-01-05T10:24:14Z,16216852,531966,4554,YouTube
D3EVpBGIcb8,Grand Theft Auto V,GTA V&#39;s PLATINUM Trophy is a JOURNEY,Joelemz,2023-10-28T14:00:09Z,13735807,234272,5609,YouTube
effHJc8c-5Q,Grand Theft Auto V,THE BIGGEST MANSION ATTACK | GTA 5 GAMEPLAY #167,Techno Gamerz,2026-04-26T11:30:29Z,13414266,825600,56865,YouTube
XgTJzX0jpzw,Grand Theft Auto V,GTA 5 20th Mission  #gameexplain #vloggamer #gta5 #storymode #gta5gameplay #indiangamer #gamingvlog,Vishal Parkour ,2024-08-30T12:40:27Z,16979017,292371,491,YouTube
gDtQ-To3iSU,Minecraft,Minecraft RTX: What if ~44 SURPRISE #Shorts,Teddy P,2023-07-26T19:07:49Z,259805679,3422181,5720,YouTube
lVgjUWFSR6w,Minecraft,Minecraft NOSTALGIA 🥺 #shorts,GEVids,2022-03-25T13:48:35Z,322523460,9506998,59040,YouTube
jk6thMe6Vq8,Minecraft,I Survived 100 Days Of Hardcore Minecraft!,MrBeast Gaming,2021-07-22T19:46:51Z,173803274,2124404,83870,YouTube
Zicz_C08T90,Minecraft,Minecraft Steve joins Squid Game,Film Shots,2024-12-14T18:00:30Z,199158970,3514240,2775,YouTube
UxO8_cBJ9FM,Minecraft,Minecraft RTX 185% REVERSE #Shorts,Jake Fellman,2023-02-03T21:02:55Z,144427890,1833521,3899,YouTube
inzrBlHQ0Fo,Minecraft,@RachelMaeyley Minecraft egirl,Daquavis,2024-06-26T23:17:14Z,138880969,4132376,26253,YouTube
y6xUDVmtS8E,Minecraft,Minecraft RTX: What if ~85 NOPE NOPE NOPE #Shorts,Teddy P,2024-08-24T12:01:09Z,163590111,1691718,3589,YouTube
Nhg2cGtCLq8,Minecraft,Inventory Parkour 3,GarrettTheCarrot,2024-12-21T15:00:23Z,170364895,3520857,8395,YouTube
y1Z-O_iGpMg,Minecraft,"IF YOU CHOOSE THE WRONG STAIR, YOU DIE! - Minecraft",Maizen,2022-10-03T18:00:20Z,94788200,304515,8466,YouTube
sh9n44g9lB4,Minecraft,@RachelMaeyley Minecraft egirl trickshot,Daquavis,2024-07-12T00:06:05Z,96940158,3503509,21791,YouTube
nyPcE29NNBU,Minecraft,Minecraft with Ultra Realistic Graphics!,MrBeast Gaming,2022-09-16T19:00:37Z,82180548,1426708,20686,YouTube
xaD3M39ekXQ,Minecraft,Minecraft Movie: Studio vs Game vs Movie,Film Shots,2024-11-29T18:00:43Z,101564043,2223673,1448,YouTube
Tqu4sAPVJ28,Minecraft,Minecraft Ultra RTX Cave Loop #Shorts #Minecraft,Mr Acid,2023-03-23T19:00:13Z,75549110,874525,1194,YouTube
wsRkYkz472M,Minecraft,Minecraft NORMAL vs REALISTIC 🤯,GEVids,2022-07-22T19:31:33Z,74315369,2503762,9481,YouTube
uAekYuDHkms,Minecraft,Zombies vs The Most Secure House - Minecraft,Maizen,2022-01-11T23:00:23Z,72345939,568586,7419,YouTube
QF5YpZI1wnk,Minecraft,I Survived 100 Days in Skyblock,MrBeast Gaming,2026-04-11T16:00:01Z,63979693,851304,22893,YouTube
2xV52nR7940,Minecraft,Minecraft : LUDO Mini Game | #shorts,Clomo Shorts,2022-06-18T14:03:42Z,63862002,3265419,35880,YouTube
3d3Z_lb90No,Minecraft,Minecraft,Power Studios,2024-09-04T12:30:41Z,76733264,0,22204,YouTube
C_jsQULcpZs,Minecraft,Will It Fit Through Squid Game Challenge? #minecraft #shorts,Hero Steve,2025-05-13T12:00:32Z,124536964,504049,558,YouTube
gtdRul16LBg,Minecraft,Minecraft Ultra RTX The Reducing Potion Loop #Shorts #Minecraft #Loop,Mr Acid,2023-04-07T12:33:50Z,53730004,902760,929,YouTube
gEQ-xn_xIYE,Minecraft,"Minecraft, But There Are Lucky Block Hearts",camman18,2021-11-11T16:00:17Z,52963278,2650994,7332,YouTube
JYcWpNSjCBQ,Minecraft,Minecraft Squid Games 7 💀,HamoodeG,2025-07-02T01:40:16Z,106147925,1127118,4533,YouTube
LhWJykBZYWI,Minecraft,When Zombie and Herobrine Plays The Squid Game Marbles |  Minecraft Animations,XDSchool,2023-03-11T10:09:00Z,57651662,877350,2138,YouTube
jFqMcnevQwg,Minecraft,Minecraft trickshot,Daquavis,2024-09-05T23:19:53Z,59879110,1243344,6942,YouTube
YKHMlMCKank,Minecraft,Can I steal?🤯 591% #minecraft,Glebo,2025-08-15T21:00:38Z,85396549,896525,1452,YouTube
XrAoDZLZZ1g,Minecraft,1 Minute vs 10 Year Build Challenge,MrBeast Gaming,2026-02-28T17:00:01Z,41267547,614660,16190,YouTube
c9C6t_nNouY,Minecraft,I Tried The First Ever Version Of Minecraft!,MrBeast Gaming,2020-12-27T19:05:40Z,39283368,855539,38222,YouTube
wS1UocQjufo,Minecraft,The Destined Disconnection #minecraft,GarrettTheCarrot,2024-09-07T14:00:48Z,58017671,1705708,3897,YouTube
3lvKnDxRivA,Minecraft,TIME TO MAKE MY WORLD | MINECRAFT GAMEPLAY #1,Techno Gamerz,2020-04-29T03:30:00Z,38689774,998433,56189,YouTube
kUxK0i-Zfv8,Minecraft,Minecraft,Power Studios,2024-08-27T12:30:22Z,43842497,0,7060,YouTube
cZmMTiKIH28,Minecraft,I PLAYED MINECRAFT IN PHONE FOR THE FIRST TIME!! #shorts,Agnit Shorts,2023-02-13T04:30:08Z,44132936,1109022,10401,YouTube
NSh5SW8jgKE,Minecraft,Minecraft NOOB vs PRO: MODERN SECRET BASE BUILD CHALLENGE,Maizen,2022-07-24T17:16:04Z,37635080,259756,6378,YouTube
W3bDBhgLS6Y,Minecraft,Minecraft with my grandma,Daquavis,2025-06-07T23:27:30Z,78513751,578667,7032,YouTube
0kK0CABGqQ4,Minecraft,When Enderman Plays Squid Game Red Light Green Light |  Minecraft Animation #shorts,BigSchool,2023-03-07T09:58:23Z,38668157,1335007,8890,YouTube
shCBpKH0w_o,Minecraft,Minecraft moment,Daquavis,2024-07-19T23:38:02Z,38660593,1147136,7123,YouTube
wA5c8umVyy8,Minecraft,Villager Prank in Minecraft 🤣 #Shorts,Cosmo Guy,2021-04-24T17:41:16Z,35556407,1769288,6225,YouTube
Vo6QTBMdUfU,Minecraft,"1 Day vs 50,000 Day Build Challenge",MrBeast Gaming,2026-04-25T16:00:01Z,34070407,502140,15522,YouTube
z-dAVNWl_Bk,Minecraft,JJ &amp; Mikey Play Mingle Game (SQUID GAME 2)- Minecraft Shorts Animation #animation #minecraft #games,Herobrine San,2025-01-27T11:43:52Z,45846693,852554,870,YouTube
AbO9HA_puFg,Minecraft,Minecraft Illusion is OP 😱 #shorts #minecraft #ayushmore,Ayush More,2023-05-27T02:23:15Z,36726764,594654,10460,YouTube
lQ2Q92QOK28,Minecraft,Inventory Parkour,GarrettTheCarrot,2024-11-30T15:01:00Z,42399756,900278,1162,YouTube
32QGSnBAZo4,Minecraft,Only One Survived in Squid Game... 💀 | Minecraft x Roblox - Part 5,LenjoVerse,2025-07-07T04:45:01Z,76012017,0,1415,YouTube
No4OBqTIBs8,Minecraft,Minecraft RTX: What if ~82 BODYGUARD #shorts,Teddy P,2024-07-21T12:41:27Z,42835280,563506,465,YouTube
JlGAo-9Mh4I,Minecraft,Minecraft NOOB vs PRO vs HACKER: Traps! 😂,GEVids,2022-03-05T05:39:03Z,32802939,1439522,1907,YouTube
6QODdvPw0s8,Minecraft,TRAPPING EVERY MOB IN MY MUSEUM | MINECRAFT GAMEPLAY #89,Techno Gamerz,2022-08-28T09:38:07Z,30306478,845013,24228,YouTube
Tlgs3SqguSo,Minecraft,Day in the life in Minecraft - BEFORE &amp; AFTER,Macfarlane Bros,2025-05-13T07:00:33Z,63242969,313559,645,YouTube
bgWxURqPUiY,Minecraft,TAKING ANIMALS TO ZOO | MINECRAFT GAMEPLAY #81,Techno Gamerz,2022-01-04T05:23:59Z,29411367,899991,70492,YouTube
CB73SkC5iwQ,Minecraft,WELCOME BACK TO MY BEAUTIFUL WORLD | MINECRAFT GAMEPLAY #92,Techno Gamerz,2023-06-18T08:07:09Z,29025251,823470,39627,YouTube
2v_Q8L5qQFU,Minecraft,DO U UNDERSTAND?? #minecraft,Dream,2025-04-10T15:27:09Z,48683942,1186320,22204,YouTube
74pmZ6_R5F4,Minecraft,EPIC FIGHT WITH WARDEN | MINECRAFT GAMEPLAY #85,Techno Gamerz,2022-06-28T04:28:10Z,27401308,694338,25425,YouTube
NmcvU1Q36QI,Minecraft,Magnetic Minecraft #minecraft,NIKO ☻,2024-12-02T04:31:28Z,28515637,1677923,6372,YouTube
fq7TgycJHCk,Minecraft,Mojang&#39;s OFFICIAL way to Beat Minecraft,Fangorn,2025-01-11T22:29:53Z,39572116,1382549,4303,YouTube
loIJBVYbPQ0,Minecraft,"MINECRAFT, BUT I HAVE ANYWHERE DOOR",Ujjwal,2022-06-18T07:41:39Z,25474538,511739,11813,YouTube
2Ja4rozZiiI,Minecraft,i played impossible difficulty,camman18,2022-09-10T15:00:02Z,25491119,1501809,2756,YouTube
UuV_OCPq-xg,Minecraft,If Minecraft was a Rhythm Game | Fly Away,DoodleChaos,2023-11-10T00:00:16Z,23252740,45140,1507,YouTube
egbP5UNST3E,Minecraft,Minecraft Movie: Studio vs Game vs Movie,SteveKong,2024-09-12T21:00:31Z,27194507,774341,1813,YouTube
_U-7oN5AdmU,Minecraft,"Minecraft Speedrunner VS $100,000 Bounty Hunter",Dream,2025-06-18T19:15:06Z,23189485,686616,38081,YouTube
AHeFrQNY8s4,Minecraft,Minecraft Tips That You *should* Know,camman18,2022-11-06T16:00:09Z,26217963,1493812,14016,YouTube
JXpxNfsP6hI,Minecraft,Squid Game Jump Rope in Minecraft #squidgame #squidgame3,ItsMeMx,2025-07-05T05:15:44Z,52506825,373890,1355,YouTube
bSE8hXgE9XI,Minecraft,"Minecraft, But If I Touch Blue, My Game Gets Realistic!",Plaza,2025-07-11T13:01:14Z,40157312,834623,6273,YouTube
6ZNPOkjLfNQ,Minecraft,Squid Game Jump Rope Build Hack In Minecraft🤯 #minecraft #shorts,zomer,2025-07-06T14:17:29Z,41319929,293098,712,YouTube
tklLv2opwyg,Minecraft,I BUILD A HOUSE IN MY STATUE | MINECRAFT GAMEPLAY #87,Techno Gamerz,2022-07-27T03:30:10Z,22379752,589431,32266,YouTube
GDauqjE95hM,Minecraft,I FOUND A DIAMOND  BLOCK IN WOODLAND MANSION | MINECRAFT GAMEPLAY #59,Techno Gamerz,2021-03-20T03:30:00Z,21752496,701868,26564,YouTube
hA-aLymGuXY,Minecraft,BECOMING OVERPOWERED IN MINECRAFT HARDCORE #3,Techno Gamerz,2022-05-11T04:57:59Z,21710997,677088,29607,YouTube
pPJfWhtzfbY,Minecraft,epic gaming minecraft i love minecraft,camman18,2024-07-11T15:00:56Z,25823502,1180201,6313,YouTube
-ScVal5q8ZI,Minecraft,Minecraft Squid Game Build Hack😱 #minecraft #shorts,Hero Steve,2025-07-02T14:00:00Z,38970603,202608,173,YouTube
i8PrsP9ydjk,Minecraft,Minecraft Serious Table Flip 💀,HamoodeG,2025-01-18T17:55:23Z,33898232,590745,4336,YouTube
USV2AiAv27k,Minecraft,more useful minecraft cool mods 😌 Ep 834,Deepesh gamer,2025-08-25T13:30:37Z,40649271,541641,690,YouTube
wG0OqrRp7wI,Minecraft,Day in the life in Minecraft,Macfarlane Bros,2025-05-10T10:29:01Z,47261922,390954,1593,YouTube
dOBbQmJMAZY,Minecraft,THE MOST POWERFUL WEAPON | MINECRAFT GAMEPLAY #94,Techno Gamerz,2024-06-30T03:30:15Z,19495336,651922,57106,YouTube
1HxLUV_6r48,Minecraft,If I Die Minecraft Gets More Realistic...,PrestonPlayz,2022-03-05T15:15:00Z,18982743,205552,6079,YouTube
ypQ_NyPKE68,Minecraft,I BUILD A BIG ZOO | MINECRAFT GAMEPLAY #80,Techno Gamerz,2021-12-23T02:30:11Z,18871113,982153,55037,YouTube
RRnZE_1pBho,Minecraft,FINALLY I MADE HOUSE FOR MY POLAR BEAR | MINECRAFT GAMEPLAY #42,Techno Gamerz,2020-11-21T07:37:11Z,18791745,828162,43476,YouTube
UjmysdQZFpk,Minecraft,FINALLY I KILLED ALL MONSTERS | MINECRAFT GAMEPLAY #67,Techno Gamerz,2021-05-09T03:30:03Z,18725351,647186,45433,YouTube
lc1_ZlShYEg,Minecraft,TAKING MONSTERS TO MUSEUM | MINECRAFT GAMEPLAY #88,Techno Gamerz,2022-08-14T09:50:43Z,18615086,579964,22524,YouTube
ICYY1qU-PCc,Minecraft,Which Minecraft Axe is the Fastest 🙄🙄...#shorts #minecraft,PSD1 Gaming Shorts,2022-08-03T10:35:00Z,21892662,337525,1255,YouTube
biG0_N5dzkQ,Minecraft,Green Light Red Light Challenge (Squid Game 2 x Minecraft Animation),toonz CRAFT,2025-01-17T14:48:29Z,20360798,989037,320,YouTube
uYFuv-GMg4g,Minecraft,Minecraft Copper Ore Moment,Clementdav Runs,2025-01-14T15:01:13Z,29286403,365304,1472,YouTube
-7AhPzV6yi8,Minecraft,WARDENS vs. The Most Secure House,Maizen,2024-05-25T11:00:00Z,18037683,62923,2516,YouTube
iXtx-hy0YLM,Minecraft,Every Way a Hardcore World could End,Crave,2024-06-27T21:41:36Z,23110832,536234,2071,YouTube
kH6-OsxS-_Q,Minecraft,I BUILD AN UFO | MINECRAFT GAMEPLAY #93,Techno Gamerz,2023-11-14T03:30:15Z,17849117,1055911,103891,YouTube
9WWnmL_u-2o,Minecraft,Minecraft,Power Studios,2024-12-03T09:49:47Z,26038847,0,2613,YouTube
LnRBcPHBKNg,Minecraft,I BUILD AN AUTOMATIC ITEM TRANSPORTER | MINECRAFT GAMEPLAY #79,Techno Gamerz,2021-12-15T04:04:25Z,17005796,719651,34806,YouTube
GWY6xUt-_s8,Minecraft,SÓ MAIS UM DIA NA VILA DO RJ | MINECRAFT | GROXMC  #minecraft #gameplay #groxmc #meusmanos,KillerProductionsful,2023-08-27T19:51:31Z,18284793,917025,3315,YouTube
HdWSGeanjnM,Minecraft,EXPLORING NEW WORLD 1.17  | MINECRAFT GAMEPLAY #71,Techno Gamerz,2021-06-12T03:30:02Z,16510414,726576,43247,YouTube
X73MVmkIxjM,Minecraft,I BUILD A TREE HOUSE | MINECRAFT GAMEPLAY # 91,Techno Gamerz,2022-10-28T03:30:10Z,16070911,571033,75599,YouTube
QbSMiuJ5vLU,Minecraft,I GOT MOST POWERFUL WEAPON | MINECRAFT GAMEPLAY #55,Techno Gamerz,2021-02-20T03:30:05Z,15904641,627846,28000,YouTube
rYE1v3hdPLU,Minecraft,CAN I DEFEND MY CASTLE FROM A PILLAGERS RAID | MINECRAFT GAMEPLAY #26,Techno Gamerz,2020-08-23T07:38:49Z,15815182,546077,33150,YouTube
K-LGBuWP2HY,Minecraft,I BUILD EVERY STARTING FARMS IN MINECRAFT HARDCORE (#2),Techno Gamerz,2022-04-24T03:30:05Z,15718951,597666,25325,YouTube
8aJM65bp1LA,Minecraft,JEFF THE KILLER NEXTBOT CHASED ME in Minecraft - Gameplay - Coffin Meme,Faviso,2022-09-08T12:30:21Z,15226248,50244,432,YouTube
-r1YgfPcWEM,Minecraft,Reality Vs Realistic Minecraft,EndoGamics,2023-01-18T13:00:00Z,20243102,0,0,YouTube
UB_3t4rj0Tc,Minecraft,MINECRAFT PARKOUR!,Maizen,2024-03-22T11:00:27Z,14928592,39279,1704,YouTube
5Dc2LjtcYYg,Minecraft,What If Minecraft Never Removed Herobrine?,Skip the Tutorial,2023-02-23T16:04:00Z,15216743,562807,1477,YouTube
qs0berh7nvI,Minecraft,We Survived 100 Days On a SURVIVAL ISLAND In Minecraft Hardcore | 4 Player 100 Days,LordN Gaming,2023-10-21T10:46:03Z,14835857,158572,3517,YouTube
Do1vq1_8Ag8,Minecraft,FINALLY I MADE POWERFULL SWORD | MINECRAFT GAMEPLAY #25,Techno Gamerz,2020-08-18T03:30:01Z,14401729,578160,24572,YouTube
XCxNheIFi60,Minecraft,MICRO MINER MACHINE DESTROYED NETHER | MINECRAFT GAMEPLAY #62,Techno Gamerz,2021-04-06T03:28:25Z,14369975,663517,49106,YouTube
HHPwtIKuMnE,Minecraft,Which Minecraft Building looks the best? 🤔 #Shorts,Twi Shorts,2022-04-20T14:00:05Z,15075789,589162,2263,YouTube
dwW2JV5_uvw,Minecraft,SECRET WAY TO GOLD MINE | MINECRAFT GAMEPLAY #5,Techno Gamerz,2020-06-12T10:44:13Z,14189181,411858,41082,YouTube
xFj0s2mnL3M,Minecraft,Dispenser Chance Game 🫢 #shorts #minecraft #minecraftshorts,CheapPickle,2024-07-28T19:53:01Z,15940252,725164,1094,YouTube
8dMGN58KmCY,Minecraft,I START FARMING AND FOUND GOLD | MINECRAFT GAMEPLAY #3,Techno Gamerz,2020-05-31T08:42:58Z,13867061,414783,28501,YouTube
1iC_jnYlqE4,Minecraft,Minecraft is a horror game,Daquavis,2024-04-10T00:07:02Z,13549200,468012,8983,YouTube
daej2icc6wk,Fortnite,Fortnite makes no sense...,Dagwummy,2021-08-31T18:57:48Z,78155888,2232936,22163,YouTube
jwerp2SNiTQ,Fortnite,32 Kill Solo Squads!! Fortnite Battle Royale Gameplay - Ninja,Ninja,2018-01-31T04:17:23Z,53266913,1041311,44511,YouTube
9kPJcg3GpMU,Fortnite,MAX Kills In Fortnite,LazarBeam,2024-03-27T00:05:40Z,43138652,1677151,2108,YouTube
1-nXrqOHXr4,Fortnite,39 Kill Solo Trio Arena World Record 🏆 | Faze Mongraal,Mongraal,2020-11-11T18:30:01Z,29411930,563628,12572,YouTube
rbWKFau8G1c,Fortnite,33 KILLS in Solo Squads...,Tfue,2019-01-02T22:18:43Z,26729845,539993,24614,YouTube
AIThz5TIY8w,Fortnite,Fortnite Chapter 6 x Squid Games Collab Trailer 😳 #fortnite #fortniteclips,Kes,2025-06-24T16:15:01Z,49936462,361888,616,YouTube
bz6_JoJg_g0,Fortnite,Minha Namorada Fez o Som das Armas no Fortnite,Flakes Power,2022-08-29T18:02:20Z,21376617,803380,2855,YouTube
hbRQ59R6-b8,Fortnite,"Last Team Standing Wins $250,000",MrBeast Gaming,2025-06-28T16:00:31Z,20301531,342996,4189,YouTube
uq5bJBKEqcA,Fortnite,my Little Sister CONTROLS my Fortnite Game,Royalty Gaming,2024-07-20T16:06:24Z,19989647,89185,7338,YouTube
bhZdyPNxhhE,Fortnite,Why Fortnite Pro&#39;s only carry a Shotgun,Reisshub,2023-11-23T21:49:31Z,19918347,677961,990,YouTube
CZLcCeH2dHU,Fortnite,Fortnite Chapter 4: Season OG Gameplay Trailer,Fortnite,2023-11-02T18:39:41Z,19219095,249427,16019,YouTube
m_YotNNke8c,Fortnite,Letting my PUPPY Pick my LOOT in Fortnite!,Royalty Gaming,2024-01-28T17:47:15Z,18506840,182984,5552,YouTube
PJd1tpZirAk,Fortnite,#fortnite Fortnite 1vs1 Real Life Fun Gameplay #irl,Fortnite Real Life,2026-05-06T15:49:19Z,27348979,478020,115,YouTube
66eAN56g7D8,Fortnite,Fortnite Battle Royale Chapter 6 Season 2 - LAWLESS | Cinematic Gameplay Trailer,Fortnite,2025-02-18T15:00:08Z,15057624,176789,12231,YouTube
LzYSH2TADh8,Fortnite,Fortnite Chapter 2 - Season 2 | Battle Pass Gameplay Trailer,Fortnite,2020-02-20T09:09:37Z,14689444,206612,18036,YouTube
SCNrpwTn-xM,Fortnite,My 5 Year Fortnite Journey 🥺,HaloBT,2023-02-28T15:00:20Z,14838836,337701,5158,YouTube
qdj2SINqDa0,Fortnite,HIGHEST Fortnite Trickshot EVER! 🤯,EvanFinity,2025-10-04T22:54:54Z,30400167,0,1040,YouTube
Fa4iZmog8e4,Fortnite,Fortnite Skins I Wish I Bought 😭, IvansBetter,2024-01-14T19:00:04Z,14101332,412602,4315,YouTube
DW-snW7NI2o,Fortnite,Fortnite SWEATS in 2018 vs 2023…,Josh Samsoj,2023-05-24T18:05:48Z,13914385,386962,1082,YouTube
KW5cotP9OyE,Fortnite,This Glitch Breaks Fortnite,LazarBeam,2025-02-24T04:40:01Z,15480201,566781,1707,YouTube
iH9knVibpcc,Fortnite,Fortnite RELOAD: Reboot Dad! (FGTeeV First Reaction),FGTeeV,2024-07-20T14:45:02Z,12761886,73034,9034,YouTube
7CZC4gXVuKc,Fortnite,Fortnite Chapter 4 Season 4 LAST RESORT Gameplay Launch Trailer,Fortnite,2023-08-25T07:00:08Z,12874723,110071,8153,YouTube
Wjij-OX9RKI,Fortnite,Fortnite Battle Royale Chapter 5 Launch Trailer,Fortnite,2023-12-02T14:59:14Z,12600707,250914,18041,YouTube
8ZwhtDXhzUc,Fortnite,I Played Fortnite Using ONLY TEMU Gaming Products,Royalty Gaming,2025-03-08T16:45:33Z,12290072,102400,5894,YouTube
aOAiUwz7Zt8,Fortnite,Fortnite Battle Royale Chapter 5 Season 2  - Myths &amp; Mortals | Launch Trailer,Fortnite,2024-03-08T07:57:13Z,11693010,159682,13864,YouTube
0y_CboLiP54,Fortnite,Ninja&#39;s First Fortnite Game!,SypherPK,2023-07-31T19:00:01Z,11689703,594113,1176,YouTube
jM7g8BUw9BA,Fortnite,"Sunday night with the best, my kids 🩵💜 #setup #fortnite #fortnitetrios #fortnitegameplay",MaccaGames,2024-12-23T01:42:41Z,18382401,242225,1566,YouTube
7ENEeAG91JE,Fortnite,This MOM is a Fortnite Pro,SypherPK,2023-12-14T23:30:00Z,12304911,417631,1689,YouTube
tNuUPHvLr_8,Fortnite,Nick Eh 30’s First Fortnite Win!,CouRage Gaming,2024-01-24T23:30:08Z,12231351,317492,1046,YouTube
C8CLL5sWaF8,Fortnite,Luckiest no scope in Fortnite HISTORY 🤯 #fortnite #fortniteclips #gaming,Lodson,2026-03-09T15:56:00Z,18885133,358072,2034,YouTube
C2iCHk_tgr0,Fortnite,Why Snoop Dogg gave this Fortnite Kid VBUCKS!,SypherPK,2025-07-08T20:47:32Z,16683290,371782,824,YouTube
jdaGzAdthLE,Fortnite,WHOLE different game 😭 #Fortnite,BucketJosh,2025-05-27T04:05:27Z,14700983,385310,3687,YouTube
gf37--dhX1E,Fortnite,This Fortnite Skin is Literally Pay to Win,Reisshub,2024-12-16T19:50:24Z,9517031,500948,2037,YouTube
Xd-nMMC6aB0,Fortnite,Hudson Plays Rockets Vs Cars in Fortnite,Hudson's Playground Gaming,2025-07-22T13:01:04Z,8424352,1719,63,YouTube
OzpJUPIuP4g,Fortnite,Can my Ultimate Mouse Run Fortnite??,Electo,2023-09-07T23:18:50Z,8793948,280555,1327,YouTube
XaAnJgGycw4,Fortnite,Who else misses the OG Fortnite,Zach King,2024-01-01T16:03:12Z,8377931,262062,917,YouTube
6rw-8HYfEaA,Fortnite,5 BEST moments of @fortnite Pro Am #ad,Loserfruit,2025-05-14T21:57:34Z,9375144,219751,2089,YouTube
5l-N8-bHaAM,Fortnite,My 4 Year Fortnite Journey 😢,EvanFinity,2024-04-29T19:10:41Z,11922705,118621,3057,YouTube
dEueiU2Cpmw,Fortnite,Veno&#39;s Smartest Play,Reisshub,2024-12-23T18:38:06Z,8674934,377520,422,YouTube
rwPD5_k_oQE,Fortnite,"Playing Fortnite, But i Feel REAL PAIN",Royalty Gaming,2025-02-01T20:10:05Z,7693974,72139,5819,YouTube
CMpxAS37oeI,Fortnite,The *RANDOM* MONSTER BOSS Challenge in Fortnite!,TG Plays,2025-01-23T22:51:56Z,6392316,52709,1270,YouTube
Tl5QCBQIaZY,Fortnite,Build Your Fortnite Squad!,CouRage Gaming,2025-06-05T21:00:34Z,11881220,103973,1400,YouTube
_9Du6IQfGg0,Fortnite,I ranked up 1593% in ONE GAME,Typical Gamer,2026-02-12T20:39:31Z,12380189,189640,1986,YouTube
rEn4DJmPRZ8,Fortnite,I Played EVERY Fortnite Rip-Off,Royalty Gaming,2025-04-26T17:29:02Z,5860887,36011,5104,YouTube
-2O6GuJHQKc,Fortnite,Would You Go Back to OG Fortnite?,SypherPK,2024-04-12T18:00:00Z,6553980,209427,2222,YouTube
eILt0VZQiUI,Fortnite,I Finally Played Builds 😧,Bushszn,2025-04-04T01:00:24Z,9091180,107231,2472,YouTube
7oSsO90eRzg,Fortnite,Fortnite’s Secret Hero!,CouRage Gaming,2026-01-11T00:00:17Z,10553312,223493,584,YouTube
WU3Nf4668Xk,Fortnite,Hudson Plays LEGO Fortnite,Hudson's Playground Gaming,2023-12-23T14:00:32Z,5404248,6794,117,YouTube
0fRBmXtfo_8,Fortnite,Fortnite Battle Royale Chapter 5 Season 3 - Wrecked | Launch Trailer,Fortnite,2024-05-24T06:00:13Z,5227247,118348,11522,YouTube
4I9E_3UKqbA,Fortnite,HATSUNE MIKU PLAYS FORTNITE,Finzy,2025-01-15T11:58:52Z,5285484,293561,1230,YouTube
EyYQVfQkns8,Fortnite,Fortnite But Every Kill = WORSE Controller,Ghoulz Gaming,2024-02-28T22:38:04Z,4891278,21853,1127,YouTube
o06kysPfjFM,Fortnite,PIG THE BUTCHER ORIGIN STORY!!.. Fortnite,Fortnite Seasons,2025-10-18T13:01:39Z,4829448,11563,177,YouTube
NOeKMOSf12Y,Fortnite,Elimination = Controller Upgrade 🎮✅ #shorts,Real Fax,2025-08-12T17:06:49Z,7089537,77655,644,YouTube
hxFjgo25w3s,Fortnite,Bro thought he can get my MYTHIC Loot 😅😡 #fortnite #fortniteclips,Centi,2025-03-12T20:57:11Z,7185565,68008,1263,YouTube
2kootJeR0AU,Fortnite,Fortnite in Every FPS!,SypherPK,2025-02-21T18:00:04Z,5821727,178038,2487,YouTube
dGAKovhwmEU,Fortnite,The Ultimate Family Fortnite Battle! | Royalty Gaming,Royalty Gaming Top Videos,2025-05-21T17:01:01Z,4576929,32207,929,YouTube
slL4E68USh4,Fortnite,Fortnite Unreal Ranked Reload on Xbox Series S | Keyboard &amp; Mouse Gameplay | 120 FPS,kleeqo,2024-10-28T21:30:06Z,4430197,65786,1461,YouTube
NUVc4xPazHY,Fortnite,PS5 Controller = Win 🎮🏆 #fortnite #shorts,Real Fax,2025-04-12T15:20:05Z,6452814,70599,1447,YouTube
pYMu-qDbjF0,Fortnite,The BEST Controller For Fortnite...,Takeoff,2023-01-19T22:54:14Z,4518950,104307,688,YouTube
NU1mzWT_5gs,Fortnite,Unreal sur Fortnite = Dodo assuré 😴,Unchained_Off,2024-09-15T16:30:08Z,5600203,149880,615,YouTube
2u94puFbI-g,Fortnite,This Makes Me MAD! 🤬,EvanFinity,2025-07-07T15:26:37Z,8526946,45132,963,YouTube
i1G_6m45VSU,Fortnite,POV: A Controller Player Switches To Keyboard #fortnite #keyboard #meme #plssubscribe,P413_Split-,2024-03-24T21:29:33Z,6374047,76509,3787,YouTube
Qd2Yibaiw1w,Fortnite,Fortnite Isn&#39;t The Same..😢,EvanFinity,2025-07-10T14:06:44Z,8946716,50911,1417,YouTube
RNs129oykJg,Fortnite,fortnite clips on #shorts #youtube #youtubeshorts #fortnite,TV Vlog,2021-08-04T19:55:16Z,4694527,108254,1365,YouTube
VjZ0B_0dG_8,Fortnite,Stick of Truth makes WINNING too EASY!,TG Plays,2026-01-20T22:06:18Z,6467746,124716,555,YouTube
achxwolILnQ,Fortnite,Fortnite But I Can FEEL PAIN IRL.. (Haptic Suit),Caylus  ,2024-12-08T22:46:39Z,3460425,43574,1675,YouTube
0oPmTq69UT0,Fortnite,Mon petit frère pense que Fortnite a tout crée ! 🤣,NexTaz,2025-06-21T08:00:02Z,5930680,73522,305,YouTube
a8AG9ekr0Ac,Fortnite,Surprising Kid With OLED SWITCH To Play Fortnite!,Scrubzah,2024-02-08T23:26:41Z,3718843,49756,411,YouTube
NsZVdN1yFzg,Fortnite,SteelSeries Apex Pro TKL ASMR 😴 Unreal Ranked 🏆 Satisfying Keyboard Fortnite 360 FPS 4K,Ploszy,2024-05-02T20:00:09Z,3322635,31071,1358,YouTube
YsAigILaIJA,Fortnite,I played fortnite in public 😭,Sideflipz,2025-08-25T14:41:07Z,7972100,85135,1339,YouTube
T5HGVI7vlt4,Fortnite,PLAYING FORTNITE DUOS for the FIRST TIME! | Royalty Gaming,Royalty Gaming Top Videos,2024-11-27T18:00:12Z,3221590,29218,2287,YouTube
2wzTJ5ui6lk,Fortnite,[1 HOUR] PS5 PRO Controller ASMR 😴 Handcam Fortnite Tilted Zone Wars 🎮,Real Fax,2024-09-22T15:00:03Z,3140435,25369,773,YouTube
YbipBKkRTvo,Fortnite,OLD VS NEW Fortnite Graphics 🤯,Palnite,2022-12-07T09:52:51Z,3453032,82590,9642,YouTube
yGUHK-eC2mg,Fortnite,Apex Pro Tkl &amp; 360fps ASMR Chill 🤩 Tilted ZoneWars🏆Keyboard ASMR Fortnite Gameplay,Ploszy,2024-03-26T09:00:53Z,2863051,18512,1385,YouTube
0FzBJcBDR90,Fortnite,*NEW* JUJUTSU KAISEN WAVE 2 set gameplay in FORTNITE! (Toji - Sukuna - Mahito),EarToe,2025-02-08T00:37:54Z,3561874,140429,1197,YouTube
egqIiCjQWqY,Fortnite,BUGHA FORTNITE GAMING SETUP!!,SWAMP GAMING,2022-11-16T21:00:17Z,3065927,40709,572,YouTube
3P5yETbP74U,Fortnite,One in a billion shot 💀 #fortnite #fortniteclips #fortniteshorts #gaming,Silentfn,2026-03-30T13:00:00Z,4784323,77845,694,YouTube
Cn_68WdsuYA,Fortnite,Ava’s always getting us into trouble in #fortnite #fortniteclips,K-City Gaming,2024-04-30T19:44:14Z,2839240,0,160,YouTube
nXfyxTvJAp8,Fortnite,Caylus Plays Fortnite CHAPTER 6!,Caylus  ,2024-12-05T20:51:02Z,2465125,45476,1925,YouTube
b2VF6XZe-Ps,Fortnite,INSTANT DEFEAT GODZILLA GLITCH in Fortnite Season 1😳 (Chapter 6) #fortnite #foryou #fyp #shortsfeed,Relishh,2025-01-19T23:29:00Z,4190662,25291,216,YouTube
RGcoYf3Bpmc,Fortnite,I Tried Every Legal Fortnite Cheat,SypherPK,2025-07-26T19:00:19Z,2446698,39560,2094,YouTube
X_zzh-g2a4M,Fortnite,Fortnite Battle Royale Chapter 6 Season 3: Super | Cinematic Gameplay Trailer,Fortnite,2025-06-07T20:57:09Z,2790650,68011,4900,YouTube
cCxwDR7aMr4,Fortnite,⭐️Unboxing Kraken Pro 60% Keyboard⭐️ASMR Chill 🤩3V3V3 Go Goated 🎧 Satisfying Fortnite 240 FPS⭐️,Eddy,2024-02-09T20:00:23Z,2419394,12454,557,YouTube
Ypa6N5PYC7I,Fortnite,Bronze to Unreal Solo Console Ranked Speedrun,Real Fax,2025-08-29T17:39:32Z,2397643,21251,1681,YouTube
8c0KmslxEvY,Fortnite,Can I Beat Fortnite&#39;s YOUNGEST Pro Player?,SypherPK,2025-07-11T18:00:07Z,2333190,24480,2607,YouTube
ek95pUePkao,Fortnite,Bronze to Unreal Speedrun in Fortnite Ranked,FGTeeV,2025-01-25T15:30:24Z,2323310,19624,2380,YouTube
YK_j6mc1cw4,Fortnite,Imagine Seeing this in a Fortnite Tournament,Reisshub,2025-09-05T13:41:53Z,4129520,101311,455,YouTube
ZHx3g7M3UOY,Fortnite,NEW vs OLD Fortnite Skins 👀,HaloBT,2025-03-26T22:00:25Z,3388970,29231,395,YouTube
j5CMZQrx_zQ,Fortnite,The Smartest Fortnite Play of my Career,SypherPK,2025-08-21T20:00:24Z,4492399,50463,688,YouTube
eUeuRa4Ixqc,Fortnite,JOGUEI FORTNITE COM O BRINO!,alanzoka,2025-02-22T15:00:53Z,2086343,134347,3082,YouTube
S4VmBnmeauY,Fortnite,Spongebob in Fortnite 😭🙏 #fortnite #fortniteclips #gaming,Centi,2026-01-06T22:10:04Z,5248640,34359,1410,YouTube
r41FRZILAy0,Fortnite,Fortnite Pro Drops His Shotgun???,Reisshub,2026-01-23T10:47:56Z,3441175,80301,249,YouTube
XsRe8wQKYo4,Fortnite,Fortnite Hackers are Evolving and now they can Teleport,Reisshub,2025-08-22T14:00:53Z,3928862,89417,613,YouTube
KZRSCnddWvE,Fortnite,Bro got clipped on 30fps 😭,Jarvy,2024-10-29T21:14:03Z,4315456,27862,1352,YouTube
E-Kmd9hUpYE,Fortnite,The Video Ends When I Get A Win With My ICON Skin!,Live Speedy,2025-12-25T02:30:12Z,1934069,36949,1739,YouTube
1YD5hB0NSNg,Fortnite,I Bought Peterbot&#39;s FAST Gaming Setup...,Kxng,2025-03-04T19:00:02Z,1925829,20216,1070,YouTube
ggQPh3Q4Wyg,Fortnite,"Does FPS Matter in Fortnite? (1 To 1,000 FPS)",HaloBT,2024-05-09T19:29:58Z,1910394,17126,1754,YouTube
-cUk1LhBWi4,Fortnite,Fortnite On PlayStation 5 Slim (Unboxing + 120FPS Gameplay),Slay,2023-12-01T19:03:00Z,1876524,20010,757,YouTube
AFo6iRy9WVg,Fortnite,One in a trillion chance 💀 #fortnite #fortniteclips #fortniteshorts #gaming,Silentfn,2026-05-17T13:00:18Z,3409442,37557,833,YouTube
VWVfzBRLrE0,Fortnite,RIGHT HAND PEAK😹 #fncs  FORTNITE MOMENTS  #Polofn#realfax #juicewrld 999 #corykenshin #NICKEH30,Velzig,2025-05-12T16:27:06Z,4029250,0,1025,YouTube
Bv4CqIxqTMA,Dota 2,True Sight : The International 2018 Finals,dota2,2019-01-15T20:46:26Z,18519926,204087,24400,YouTube
_QmqzWldRSw,Dota 2,Dendi reacts to his GF crazy midlaner pick!,Dendi,2022-06-07T11:36:37Z,7389738,145006,1367,YouTube
_B7SpvTRFZk,Dota 2,ATF taught VIRTUS PRO this trick 🤯 - ESL Dota,ESL Dota 2,2024-02-26T09:45:03Z,7124755,143127,570,YouTube
5aC5Sl9cmh8,Dota 2,EASY FOR DENDI PUDGE,Dendi,2024-08-11T13:32:06Z,5048568,96674,817,YouTube
N0wnO2p5mic,Dota 2,IMAGINE USING A SUPPORT TO CARRY AT A $34M EVENT,theScore esports,2024-03-25T14:00:13Z,4143715,137283,1203,YouTube
D7yBfL1ejTk,Dota 2,CADERA NGULIK JEJAK DIGITAL YUKA!? 😳 Ketahuan Pernah Main Dota! #cadera #yukha #baloyskie #r7 #mlbb,RENDIMANA,2025-11-14T03:27:28Z,5538944,77531,248,YouTube
5TAAbRO1Dnw,Dota 2,proplayer dota paling serem #shorts #lyuka #elyuka,youKtheo,2025-06-20T11:00:11Z,3940873,61158,98,YouTube
1SASnXn38NY,Dota 2,HOW Malr1ne outplays Huskar as Earthshaker 🤯  - ESL Dota,ESL Dota 2,2024-04-06T13:00:01Z,1782538,31543,351,YouTube
EHgYNE_bg-s,Dota 2,DOTA IBOT VS WUKONG😂,aldinoclipper,2025-03-19T06:18:34Z,1728064,37878,336,YouTube
7QAX_bmFAlY,Dota 2,33 - гений или безумец? TI 2025 #dota2 #дота2,Врумыч Dota 2,2025-09-07T17:30:01Z,2623531,17893,290,YouTube
TcVBc40SJD8,Dota 2,ATF 500 IQ MARS PLAY 🤯🤩 - ESL Dota,ESL Dota 2,2023-12-11T14:30:14Z,1575762,44284,375,YouTube
dg1iKzhgosQ,Dota 2,The Man Who NERFED Invoker — Miracle,dotatvru,2021-11-28T09:00:18Z,1287116,8835,526,YouTube
PExfZGEz8lg,Dota 2,Seberapa Hebat Yuka? Member AAA Clan Ex Pro Player Dota 2,GameJeruk,2025-10-06T14:23:48Z,1997279,51171,275,YouTube
Lzx11gKDtig,Dota 2,League pro tries Dota 2 moment,Dendi,2024-03-24T10:02:03Z,1958051,52531,1478,YouTube
DPC0Adn_FS8,Dota 2,Watson Outsmarted his Outsmarting - ESL Dota 2,ESL Dota 2,2025-05-23T09:30:42Z,2358431,27745,189,YouTube
mxNsXyJc3po,Dota 2,Seberapa Hebat Ibot13? Veteran Dota 2 Indonesia,GameJeruk,2025-08-19T06:43:02Z,1845555,32822,255,YouTube
QPLwdOp1IWw,Dota 2,Shadow Fiend vs Wraith King #dota2,Dota2 Galaxy,2024-06-19T05:28:27Z,1635320,19672,178,YouTube
XKUnYzQc0a0,Dota 2,Next Level Nyx Play! 🤯#dota2,Holy E,2025-08-04T12:30:40Z,1988016,21096,162,YouTube
YYJnjzv7940,Dota 2,300 IQ Genius Farm Topson #dota2 #shorts #topson #invoker,JimJim Dota,2023-03-10T10:00:17Z,1196423,18115,167,YouTube
r0on1k3ioyg,Dota 2,"Juggernaut outplayed enemies, killed Roshan, and destroyed everyone! #DotaWTF #dota2 #dota",Dota Watafak,2026-05-01T15:49:13Z,1838886,31736,253,YouTube
wPkrKsll6pE,Dota 2,Whitemon brutally outplays NAVI.Sanctity - ESL Dota 2,ESL Dota 2,2024-06-21T15:05:18Z,910414,23230,309,YouTube
6Ww3kpWk1GM,Dota 2,Yatoro vs Micke in the Chunin Exams 🦊🍜🍥 - ESL Dota 2,ESL Dota 2,2025-03-03T11:00:08Z,1212193,21607,176,YouTube
sLzxBrfEEEM,Dota 2,PRO MEEPO just CANT DIE 😱 - ESL Dota,ESL Dota 2,2024-03-22T10:00:46Z,848816,31785,158,YouTube
m9wyxPnXiXI,Dota 2,TOPSON SHOWS DOTA IS BROKEN BECAUSE OF TINKER IN DOTA 2 #dota2 #gamer #gaming #outplay #twitch,Dota Labyrinth,2025-09-19T01:41:11Z,1731825,11070,193,YouTube
5_0PICrRJgo,Dota 2,OG is back Ceb Ana and Topson Together in pub Dota 2 moment.,Dota ClipStorm,2025-07-25T12:47:03Z,1299558,15523,191,YouTube
z2qCD68A7Fo,Dota 2,5 lvl in 5 Seconds Faceless Void #dota #dota2 #dota2highlights #rampage,Cyborg M - Dota 2,2023-08-22T16:00:44Z,733009,19950,160,YouTube
YppUtBEHyNg,Dota 2,ASBUN GINI YOUK?,dafuqmon,2025-01-13T02:07:43Z,766017,20197,120,YouTube
kvZT_Sg5M4k,Dota 2,Why I Swapped To Dota 2 After Playing League Of Legends For A Decade,Tlee,2025-11-24T01:46:51Z,674187,18253,4740,YouTube
Ir4CdVh4830,Dota 2,PRO DOTA 2 Player Makes League Look Like a Kids Game #leagueoflegends,NoobHunter - League of Legends,2025-06-09T15:00:34Z,1231869,13900,1053,YouTube
24w9utpShKA,Dota 2,Pro Morphling players are INSANE 🔥🤯 - ESL Dota 2,ESL Dota 2,2025-02-17T06:00:03Z,797048,12896,136,YouTube
gDi46ie-h3U,Dota 2,How to kill a bug in Dota 2 #dota2,DotaCinema,2026-02-20T11:45:04Z,979377,16239,226,YouTube
uwRFkDuj5rY,Dota 2,A Complete Dota 2 Guide for League Players and Beginners in 2025,DATOHLEONG,2025-03-03T10:30:25Z,494992,10103,742,YouTube
sQ6n4mLQ2bA,Dota 2,When this &quot;RANK 2 PRO PLAYER&quot; gets to taste Topson&#39;s AM-MID...,Topson,2025-09-18T10:01:37Z,488441,4200,235,YouTube
h88OaEOPJsU,Dota 2,Sneyking vs Collapse - ESL Dota 2,ESL Dota 2,2026-03-02T14:56:42Z,828204,11322,126,YouTube
U5OeaWSRC2c,Dota 2,Huskar is the most broken hero in Herald Dota 2 #dota2,DotaCinema,2026-03-23T13:29:03Z,900007,6051,197,YouTube
AewdzVlnHEs,Dota 2,Meepo outplays on mid 1v2 😎🫸🫷😎 #dota2 #дота2 #dota2highlights #dota2indonesia,Pirate,2025-08-09T13:07:30Z,901195,5705,135,YouTube
22UyjPIxp2k,Dota 2,TOPSON AND HIS WIFE &quot;LEAVE WOMAN!&quot; #dota2 #gamer #gaming #outplay #twitch #gameplay,Dota Labyrinth,2025-08-02T13:48:12Z,902357,10562,275,YouTube
t8lKgDr9qv4,Dota 2,How DOTA 2 Desensitizes You To Other Online Games,RGOnax The Valve Guy,2025-10-03T14:10:21Z,437177,16173,2177,YouTube
Iqcn9dfeEME,Dota 2,Smartest Dota 2 Herald Player! 😂 #dota2,Holy E,2025-08-14T12:30:17Z,949924,5203,71,YouTube
9ZWNoHq3YJQ,Dota 2,True Monkey King trickster 🙈 #dota2 #дота2 #dota2clips,Pirate,2026-05-01T22:03:11Z,885146,9480,81,YouTube
FrwGe4nt1j0,Dota 2,"Can&#39;t catch Void, he&#39;s too good 😏 #dota2 #дота2 #dota2clips",Pirate,2026-05-18T14:06:53Z,631489,6146,93,YouTube
2LXCkTclYjA,Dota 2,TOPSON PERFECT SHOT ON SNIPER LIKE A S1MPLE GOAT IN DOTA 2 #dota2 #gamer #gaming #outplay #twitch,Dota Labyrinth,2025-09-11T20:26:56Z,741399,5750,65,YouTube
6Ivpm_SnRPk,Dota 2,XinQ shares MAIN RULE FOR SUCCESS in DOTA2! #dota2 #dota,PGL DOTA2,2024-08-30T14:30:36Z,611407,3908,46,YouTube
I040UDXnFq0,Dota 2,This Farm of Ancients on Pudge with Smoke is CRAZY with Topson in Dota 2 #dota2 #gaming #outplay,Dota Labyrinth,2026-04-28T15:16:36Z,695831,5439,118,YouTube
mtmEd2St7sQ,Dota 2,FALCONS vs XTREME GAMING 🏆 GRAND FINAL 🏆 TI14 THE INTERNATIONAL 2025 DOTA 2,NoobFromUA,2025-09-14T19:24:35Z,306331,2724,804,YouTube
TsXUaJ-ZEW8,Dota 2,мк через нейросеть #dota #dota2 #xakoh #дота #дота2 #мк,XaKoH ,2026-04-27T14:40:01Z,477753,9418,87,YouTube
-SnmgkKfolQ,Dota 2,GODLIKE Topson Invoker!,Topson,2024-06-06T08:00:22Z,630919,3188,53,YouTube
m6nH_wLdHfM,Dota 2,GRAND FINAL! LIQUID vs NAVI - Official Highlights - BLAST Slam VI Dota 2,BLAST SLAM Dota 2,2026-02-15T23:50:44Z,273602,1735,224,YouTube
-mtatU2fqGs,Dota 2,What a Holy Outplay from Topson on Puck in Dota 2 #dota2 #gaming #outplay,Dota Labyrinth,2026-05-03T14:57:38Z,334205,3291,59,YouTube
6pgI228Cfmc,Dota 2,Dota 2 WTF Moments 632,Dota Watafak,2026-05-11T01:00:45Z,159725,3986,153,YouTube
Yb1T43bdbVA,Dota 2,Dota 2 WTF Moments 631,Dota Watafak,2026-05-03T17:07:06Z,156966,4350,150,YouTube
7mELOXxvT0o,Dota 2,This Troll Warlord from Topson is ABSOLUTE CINEMA PLAY in Dota 2 #dota2 #gaming #outplay,Dota Labyrinth,2026-05-08T10:39:58Z,289409,3177,46,YouTube
DRjy2i7lJUE,Dota 2,DOTA 2 | 4K Ultra Settings on RTX 4090 (Gameplay with no commentary),Rugoh,2024-03-18T13:00:12Z,140226,819,148,YouTube
U4qQxQWHFAI,Dota 2,BANTAI-BANTAI PAKE CLOCKWERK! | Dota 2 Indonesia,youKtheo,2025-04-30T12:00:06Z,137296,2090,106,YouTube
hXmDfvt5BQs,Dota 2,How Topson really plays BRISTLEBACK in 2026...,Topson,2026-04-29T10:35:17Z,137519,1760,103,YouTube
GPju8w2RNYI,Dota 2,Rating Every MOBA Game #viral #moba #dota2 #leagueoflegends #gaming #strategy,Hk Gaming,2025-06-23T22:22:03Z,268748,4218,364,YouTube
qdMTOvYBsPQ,Dota 2,Dota 2 - Gameplay 2022 (4K UHD) [PC],Kari-Pekka,2022-01-17T11:25:32Z,129429,738,44,YouTube
i0lTKD1WReo,Dota 2,ЗАЧЕТ В УНИВЕРЕ ЗА 1Х1 НА СФАХ #dota #dota2 #klos #shorts,KloS,2026-05-25T16:25:22Z,188934,8260,94,YouTube
PS_NvUgfDE8,Dota 2,Big Brain Rubick Play - Dota 2 Gameplay #dota #dota2 #дота #дота2,The Dota Gameplay,2026-02-21T16:30:20Z,269779,2357,43,YouTube
SZXVdtiuk4w,Dota 2,SPIRIT vs LIQUID - HIGHLIGHTS - DreamLeague S29,ESL Dota 2,2026-05-13T21:48:37Z,117819,816,101,YouTube
UsKCB2fiz2w,Dota 2,This 15000 MMR Puck Look Like a Herald Against Topson in Dota 2 #dota2 #gaming #outplay,Dota Labyrinth,2026-05-09T12:21:49Z,246218,1992,45,YouTube
CvgHejnxr2U,Dota 2,Free bus ticket for Lifestealer 😂 #dota2 #дота2 #dota2clips,Pirate,2026-05-19T08:35:36Z,243787,1761,61,YouTube
bNgAMZVsHOk,Dota 2,GOOD JOB VALVE YOU BETTER DELETE TINY NOW,Rizpol,2026-05-05T12:26:30Z,108313,1549,126,YouTube
J0XNNcX0Z4U,Dota 2,When Topson Was The First One in the History to STEAL THE RUNE in Dota 2 #dota2 #gaming #outplay,Dota Labyrinth,2026-05-10T10:42:12Z,266034,2300,67,YouTube
GJA12ZOjC8k,Dota 2,GOOD JOB VALVE YOU BETTER DELETE AXE NOW,Rizpol,2026-05-12T12:52:19Z,104998,1674,190,YouTube
LrJxWdf7r70,Dota 2,Tutorial Como jogar Dota 2 (Saia desse vídeo sabendo jogar DOTA),Tristanagem,2025-05-24T14:06:36Z,102185,6953,297,YouTube
GBidzXfvqwU,Dota 2,I Tried Dota 2 as a BRAND NEW Player.. It Broke Me,CupppaJoe+,2026-05-15T15:50:18Z,102633,2694,1248,YouTube
ZV5TSS3DwMY,Dota 2,мк через спящего магнуса #dota #dota2xakoh #dota2 #дота,XaKoH ,2026-05-19T12:00:44Z,141503,3791,96,YouTube
nh0OPi_Ri1s,Dota 2,мк через 3 рапиры #dota #dota2 #dota2xakoh #дота,XaKoH ,2026-05-08T12:01:35Z,154086,3392,52,YouTube
DHVJfDwL36g,Dota 2,Dota 2 dalam 13 menit untuk Pemula,BravoKen,2024-01-12T07:52:19Z,95964,1549,230,YouTube
CVJ03GHfSw8,Dota 2,I Tried Learning Dota 2 For The First Time,Jord Hunts Solo,2024-04-06T16:34:45Z,96888,2008,156,YouTube
HplnnaIl7RE,Dota 2,мк не через победу #dota #dota2xakoh #dota2 #дота,XaKoH ,2026-05-15T15:40:00Z,149329,3375,74,YouTube
9Ws2-FjD8a4,Dota 2,&quot;nice bh bro&quot; - Dota 2 Gameplay #dota #dota2 #дота2 #дота,The Dota Gameplay,2026-02-26T04:30:05Z,192405,3067,36,YouTube
gD1OkNV6otU,Dota 2,This is The Reason Why Topson Always Winning The Lane in Dota 2 #dota2 #gaming #outplay,Dota Labyrinth,2026-05-12T15:58:11Z,183165,1789,47,YouTube
o-F3ETwhhqo,Dota 2,Dota 2 WTF Moments 634,Dota Watafak,2026-05-24T15:58:45Z,84051,2704,133,YouTube
mkvsXJLiVyE,Dota 2,мк через выживание и спектру #dota #dota2 #dota2highlights #дота,XaKoH ,2026-05-13T12:01:23Z,111946,3513,60,YouTube
WtiiVO03xV8,Dota 2,Saving Private Topson #dota2,Topson,2026-04-05T16:00:46Z,138582,1483,32,YouTube
QeGWkLXNuaU,Dota 2,"When Topson Tried to Farm Stacks, But This Happened... in Dota 2 #dota2 #gaming #outplay",Dota Labyrinth,2026-05-18T14:14:53Z,132803,1545,100,YouTube
HdZaoOWS1Ms,Dota 2,PLAYOFFS! PVISION vs LIQUID - HIGHLIGHTS - DreamLeague S29,ESL Dota 2,2026-05-19T17:26:04Z,67106,459,64,YouTube
yzzAtvGrkAE,Dota 2,When Topson on Kez - He&#39;s Immortal in Dota 2 #dota2 #gaming #outplay,Dota Labyrinth,2026-05-09T12:20:37Z,135543,1098,34,YouTube
mcQOQoAKEDU,Dota 2,Largo FIRST Gameplay Win Dota 2 Patch 7.40,hOlyhexOr,2025-12-16T05:42:08Z,63196,372,113,YouTube
aCeWLNHddOc,Dota 2,Topson&#39;s STORM SPIRIT MID is back!,Topson,2026-05-19T02:00:13Z,63913,859,52,YouTube
nfD9IQvBiZQ,Dota 2,Хакон через клокверка #dota #dota2 #dota2highlights #дота,XaKoH ,2026-05-25T13:01:02Z,92248,3390,64,YouTube
m3gNrTBWUUY,Dota 2,мк через мужицкий пик #dota #dota2xakoh #dota2 #дота,XaKoH ,2026-05-24T12:00:56Z,90444,3170,49,YouTube
d8T2AWULsao,Dota 2,LIQUID vs MOUZ - WEU GRAND FINAL!! ▌DREAMLEAGUE SEASON 29 DOTA 2 2026,Dota 2 Rapier,2026-04-14T17:59:33Z,59756,226,37,YouTube
7EJzd4KrcM4,Dota 2,мк не через метеор #dota #dota2xakoh #dota2 #дота,XaKoH ,2026-05-21T12:00:15Z,89523,2308,52,YouTube
_XnjaIgy_oY,Dota 2,Topson Truly Outplayed Them 1v2 on Troll Warlord in Dota 2 #outplay #dota2 #gaming #outplayed,Dota Labyrinth,2026-05-23T14:02:10Z,109360,1581,42,YouTube
rAztyyODlLg,Dota 2,Topson&#39;s RP + Requiem Combo is REAL OUTPLAY in Dota 2 #dota2 #gaming #outplay,Dota Labyrinth,2026-05-18T14:15:38Z,108951,1181,27,YouTube
G-hejlvL5Vo,Dota 2,The Only Way To Play Juggernaut This Patch in Dota 2,Dota 2 Enjoyer,2025-07-17T12:30:39Z,47617,524,77,YouTube
ZfCo0f9Ku_E,Dota 2,НИКОГДА НЕ МЕНЯЙ СВОЮ РОЛЬ В DOTA 2 #dota #dota2 #дота2 #дота,Наташа два баша,2026-05-25T07:35:25Z,51244,1655,201,YouTube
JDTnzWNZzuc,Dota 2,Real Fight of Titans in Dota 2 (Topson) #outplay #dota2 #gaming #outplayed,Dota Labyrinth,2026-05-20T13:07:59Z,92542,750,24,YouTube
QR9CbcKckzU,Dota 2,This Branch Usage against Topson is Actually Outplay in Dota 2 #outplay #dota2 #gaming #outplayed,Dota Labyrinth,2026-05-19T14:13:16Z,83806,357,19,YouTube
Gymmxjt103o,Dota 2,This Gank Wasn&#39;t Successful because of Topson in Dota 2 #dota2 #gaming #outplay,Dota Labyrinth,2026-05-18T14:14:02Z,83872,370,10,YouTube
IAKS0SbOv_U,Dota 2,Dota 2 Beta Mechanics That Doesnt Work with Topson in Dota 2 #outplay #dota2 #gaming #outplayed,Dota Labyrinth,2026-05-19T14:14:44Z,94519,627,28,YouTube
yKsFc6LlorM,Dota 2,Anti-Mage and Terrorblade are Brothers in Dota 2 #dota2,_collectorsYoutube_,2026-05-25T08:54:45Z,78426,1160,55,YouTube
ufpEiJpoQwE,Dota 2,Yatoro Phantom Assassin True Beast - Dota 2 Pro Gameplay [Watch &amp; Learn],Dota 2 Pro Gameplay [Watch & Learn],2025-05-13T15:30:20Z,35408,208,18,YouTube
hBE69vFnXJ8,Dota 2,-1000 IQ Ravage - Dota 2 Gameplay #dota #dota2 #дота2 #дота,The Dota Gameplay,2026-02-21T22:30:21Z,73602,861,6,YouTube
0cp6-U5-xNQ,Dota 2,Watch Enigma damage vs Meepo it&#39;s crazy 🤯 #dota2 #дота2 #dota2wtf,Pirate,2026-05-11T21:19:16Z,55725,708,13,YouTube
K426kQe9EiI,Dota 2,This is MIND Games with Topson on MK and Genius on Chen in Dota 2 #outplay #dota2 #gaming #outplayed,Dota Labyrinth,2026-05-25T11:55:53Z,38526,197,10,YouTube
PgcOeu35zYg,Dota 2,Topson Didn&#39;t Expect To See This in Dota 2 #outplay #dota2 #gaming #outplayed,Dota Labyrinth,2026-05-20T13:07:15Z,38402,442,26,YouTube
